"","cigarettes","beer","wine","liquor","cocaine","tranquillizers","medication","heroin","marijuana","hashish","inhalants","hallucinogenics","amphetamine"
"1",5,4,4,4,2,4,2,3,3,3,4,4,3
"2",1,3,2,2,4,3,5,4,3,2,4,3,5
"3",5,5,4,5,3,1,5,3,5,5,4,2,2
"4",4,5,5,5,1,4,2,1,5,5,2,3,5
"5",4,2,3,1,3,5,4,5,4,3,3,5,5
"6",1,3,3,2,2,1,1,2,2,4,1,1,1
"7",4,2,4,4,5,5,4,4,2,5,3,5,3
"8",1,1,1,2,2,1,4,2,1,1,3,2,1
"9",1,4,5,2,2,2,4,5,5,2,3,1,1
"10",5,4,4,5,5,5,3,4,5,5,5,5,5
"11",3,2,3,5,4,3,1,5,3,5,2,3,3
"12",4,1,2,3,2,2,3,2,4,4,1,2,5
"13",4,5,5,3,4,5,3,3,3,4,1,5,4
"14",5,3,2,5,4,3,1,2,5,3,5,3,3
"15",2,5,4,4,3,1,3,3,3,2,5,4,2
"16",3,5,5,5,2,3,3,5,5,4,5,4,4
"17",1,2,1,1,4,5,1,5,2,4,3,5,2
"18",5,5,5,5,2,2,5,2,5,2,3,2,4
"19",4,2,2,3,4,5,5,5,4,4,4,4,5
"20",4,4,4,4,4,4,4,3,3,2,3,1,1
"21",1,1,2,2,3,2,1,2,1,5,3,5,4
"22",5,5,4,3,5,5,3,4,5,5,5,5,5
"23",2,5,3,1,3,1,5,3,2,3,2,2,1
"24",3,1,1,1,5,4,3,4,3,5,3,4,4
"25",4,2,3,2,3,4,2,3,4,4,5,2,3
"26",3,3,3,2,1,1,1,1,4,1,4,1,1
"27",5,5,5,5,5,5,5,5,5,5,5,5,5
"28",5,1,1,1,4,2,5,5,3,1,4,5,2
"29",4,2,3,5,4,5,1,2,3,5,3,5,5
"30",3,3,2,2,3,4,4,4,4,4,3,4,3
"31",4,5,4,5,2,4,2,3,5,3,4,1,2
"32",4,2,1,1,4,2,4,4,2,4,5,1,2
"33",5,5,5,5,2,3,1,1,5,4,3,2,3
"34",3,3,2,1,3,2,1,1,2,2,2,1,1
"35",3,3,1,4,5,5,4,5,4,2,3,5,5
"36",3,3,2,1,3,2,1,3,4,1,1,2,1
"37",1,2,1,1,1,1,2,4,1,1,2,1,1
"38",1,2,1,2,3,2,4,3,1,3,1,1,1
"39",5,2,2,2,2,1,2,3,4,3,5,1,3
"40",2,4,1,1,4,5,1,4,2,3,3,3,1
"41",3,1,2,2,4,2,3,4,2,5,2,3,3
"42",2,2,1,3,5,3,2,4,2,4,3,3,2
"43",1,1,2,1,4,5,5,5,2,4,5,5,5
"44",2,4,4,2,2,2,2,2,4,1,1,2,2
"45",2,4,4,2,3,4,3,4,4,5,2,4,4
"46",3,1,3,2,2,3,4,3,3,4,3,5,5
"47",2,5,4,3,4,4,5,5,5,3,5,5,5
"48",3,2,1,1,3,1,2,3,3,1,1,2,2
"49",5,5,4,4,3,2,4,1,5,5,5,3,3
"50",3,4,4,4,1,2,4,1,3,3,4,4,2
"51",2,1,1,2,3,5,1,2,2,5,1,2,5
"52",5,5,2,3,4,3,5,2,5,5,2,2,3
"53",4,3,5,4,3,2,2,1,5,4,1,4,3
"54",4,1,3,5,4,2,4,5,2,2,4,2,1
"55",4,4,3,4,4,4,2,1,4,4,2,1,1
"56",4,3,3,4,5,4,2,4,5,5,2,5,4
"57",5,5,5,5,1,1,3,1,4,3,2,3,2
"58",2,3,2,1,2,1,2,3,2,3,2,3,1
"59",1,1,1,2,5,5,4,5,2,2,3,5,5
"60",4,2,3,4,5,4,5,4,4,5,5,5,3
"61",2,2,3,3,4,2,3,2,4,3,4,3,5
"62",5,5,4,5,3,5,2,5,5,3,4,3,5
"63",1,2,2,3,1,2,1,2,2,3,1,3,4
"64",1,1,1,1,1,1,2,2,1,1,2,1,1
"65",3,4,5,2,4,5,4,4,2,4,3,4,5
"66",5,5,5,4,4,5,4,3,5,3,2,3,2
"67",1,4,4,2,1,1,1,3,3,3,2,4,1
"68",4,4,5,2,5,5,2,2,5,1,3,1,1
"69",3,1,2,1,5,5,4,1,2,2,5,3,5
"70",4,4,3,3,1,1,4,1,3,3,3,2,1
"71",4,5,5,4,5,4,5,4,5,5,5,5,5
"72",2,1,1,1,1,1,1,1,1,1,1,1,1
"73",4,2,1,3,5,5,4,5,4,5,2,5,5
"74",2,4,2,2,1,3,3,2,2,3,4,4,4
"75",4,4,3,4,3,5,5,5,5,3,5,5,5
"76",4,5,4,3,3,3,5,4,4,4,5,2,5
"77",5,2,3,3,1,3,1,5,2,1,1,2,2
"78",5,5,3,5,5,5,5,5,5,5,3,5,5
"79",5,5,5,5,1,4,2,5,3,5,5,5,5
"80",3,1,1,4,4,4,5,2,3,4,1,5,5
"81",1,1,1,2,2,1,1,2,1,1,2,2,1
"82",5,2,3,3,5,2,1,2,5,4,4,4,4
"83",4,2,1,1,5,1,3,3,1,2,4,2,2
"84",3,4,4,3,2,1,3,4,4,3,4,2,3
"85",1,2,4,2,5,4,3,5,1,1,4,1,2
"86",1,1,1,1,5,4,5,5,1,2,2,3,5
"87",4,4,5,3,1,3,1,3,2,2,4,2,5
"88",5,2,5,3,4,4,1,2,2,4,2,2,3
"89",4,5,4,5,1,3,3,3,3,5,4,5,3
"90",4,1,1,2,5,1,4,4,2,4,3,3,3
"91",5,4,4,4,2,4,1,4,5,5,4,4,5
"92",3,4,3,5,4,5,2,4,5,3,3,2,3
"93",4,3,3,5,4,5,1,2,2,3,1,2,3
"94",2,2,1,4,1,3,1,4,5,2,4,5,5
"95",2,3,2,1,3,4,5,1,1,2,5,4,3
"96",1,3,3,1,3,3,2,2,2,5,1,3,3
"97",5,3,4,3,2,1,1,5,1,1,1,1,1
"98",1,1,1,2,2,3,4,2,2,2,1,1,1
"99",4,2,2,3,1,2,3,1,2,2,3,3,1
"100",2,2,4,2,1,2,1,1,2,3,1,3,1
"101",5,3,4,5,2,4,3,2,4,4,4,2,2
"102",2,2,2,2,1,5,4,2,3,3,4,4,4
"103",2,4,3,5,4,3,4,2,4,1,4,1,1
"104",5,3,4,3,2,1,4,4,1,4,5,5,5
"105",2,3,4,5,4,4,4,2,4,2,1,1,5
"106",3,4,1,5,2,1,2,3,5,5,5,4,4
"107",5,5,5,5,4,1,5,4,5,5,3,3,5
"108",3,4,3,5,2,3,3,3,2,2,5,1,3
"109",3,2,4,3,1,3,3,1,5,3,1,2,1
"110",3,3,2,4,4,5,4,5,1,3,2,2,2
"111",5,2,2,2,4,3,4,1,4,5,4,3,3
"112",1,4,5,5,4,5,3,4,4,5,5,5,5
"113",2,4,1,2,1,4,1,3,3,1,2,1,3
"114",4,1,2,5,1,3,3,2,5,4,3,4,1
"115",4,5,4,2,4,3,3,1,4,3,1,2,3
"116",4,3,2,5,3,5,4,2,3,5,5,4,5
"117",4,3,5,3,5,5,2,3,3,2,5,5,4
"118",1,1,1,3,1,3,1,2,2,1,4,1,2
"119",1,1,3,1,1,2,2,1,1,1,1,2,1
"120",1,3,3,2,4,1,4,4,1,2,1,5,3
"121",4,4,4,2,5,5,3,5,2,5,2,5,4
"122",3,4,5,3,2,2,4,3,3,2,3,1,1
"123",5,1,1,4,4,5,2,1,5,3,5,3,4
"124",4,4,3,5,3,3,1,2,3,3,3,3,3
"125",2,2,2,1,1,3,2,4,2,2,3,3,3
"126",2,4,5,2,3,3,2,4,3,3,1,4,5
"127",2,4,2,5,4,4,5,1,2,1,4,1,4
"128",5,2,4,3,2,4,2,5,4,5,5,3,4
"129",2,3,5,3,3,4,3,5,3,2,2,5,4
"130",1,3,4,2,4,4,2,2,2,5,5,5,4
"131",2,1,2,1,2,3,2,4,2,1,2,2,2
"132",1,2,1,2,4,1,3,4,1,2,1,1,1
"133",3,3,2,2,2,5,3,2,4,3,3,5,4
"134",1,4,3,1,4,5,5,3,5,5,5,5,5
"135",2,1,2,1,1,2,1,2,3,1,1,2,2
"136",3,3,1,3,1,3,1,1,2,4,2,1,2
"137",3,2,1,1,3,3,3,4,1,4,4,5,5
"138",1,3,1,4,1,1,1,1,2,1,1,1,1
"139",4,5,5,2,3,1,1,2,4,1,1,1,1
"140",4,5,5,5,5,2,5,3,5,4,5,4,5
"141",4,5,5,5,5,4,5,5,5,4,5,3,5
"142",3,3,4,5,5,5,3,5,5,5,4,5,4
"143",5,2,4,3,2,5,4,3,5,2,3,1,2
"144",2,5,2,3,1,1,5,4,3,1,3,3,1
"145",3,5,4,2,4,3,3,2,1,4,1,3,5
"146",2,3,4,3,4,5,5,1,4,2,3,1,4
"147",1,1,1,1,2,1,1,1,1,1,1,2,1
"148",5,1,2,1,3,3,4,1,1,2,2,1,2
"149",2,4,5,1,1,1,1,1,1,1,1,1,1
"150",3,4,4,3,3,2,1,1,3,3,2,1,2
"151",2,5,3,1,2,2,2,3,1,1,2,4,1
"152",4,3,3,4,5,5,5,5,2,2,4,3,4
"153",3,4,4,4,3,3,2,3,4,4,2,1,3
"154",4,3,4,2,1,1,1,1,1,2,1,2,2
"155",4,2,3,1,3,4,5,3,3,4,5,5,4
"156",4,5,5,3,4,5,5,5,2,3,5,5,5
"157",5,3,4,2,5,2,4,2,1,1,3,3,2
"158",2,1,1,2,1,2,1,4,1,4,1,2,1
"159",3,4,2,4,2,3,1,1,3,4,1,2,1
"160",1,2,3,1,3,1,3,3,2,2,1,5,2
"161",1,1,2,1,1,2,4,1,1,1,2,1,2
"162",4,2,4,3,2,3,3,3,3,3,3,1,1
"163",1,1,1,1,2,1,1,2,1,1,1,1,1
"164",5,5,5,5,3,5,1,5,4,5,4,4,5
"165",1,1,1,1,1,2,1,3,1,1,1,3,1
"166",1,3,4,3,2,2,5,4,1,3,4,4,3
"167",4,5,5,3,2,1,1,3,1,1,1,1,2
"168",2,2,1,4,1,5,3,1,1,2,1,1,4
"169",5,3,4,4,5,2,3,2,5,4,4,3,4
"170",4,4,3,5,4,4,4,5,5,4,2,4,3
"171",3,2,2,3,4,4,3,3,3,5,4,5,2
"172",3,1,1,1,3,3,4,2,4,2,4,4,2
"173",3,4,5,5,4,4,4,5,5,3,3,2,5
"174",5,4,3,4,5,4,4,5,4,3,5,3,4
"175",3,2,3,2,2,2,1,2,1,1,3,2,1
"176",3,2,2,3,4,3,4,4,5,4,5,5,2
"177",2,3,4,2,2,2,5,4,1,1,1,4,3
"178",1,1,1,1,1,4,3,3,1,1,1,2,3
"179",2,3,3,3,5,4,5,2,4,5,3,3,3
"180",5,4,4,5,3,3,4,2,5,4,4,5,3
"181",2,1,1,1,3,4,2,4,1,2,4,4,4
"182",5,5,5,4,5,5,3,5,3,2,2,3,3
"183",1,1,1,1,1,2,1,1,1,3,3,4,3
"184",1,1,2,1,5,1,2,2,1,1,2,1,1
"185",5,4,3,4,1,3,2,2,5,3,2,3,5
"186",5,2,4,2,2,3,1,5,2,2,3,2,1
"187",4,5,3,5,5,5,4,3,5,4,3,4,5
"188",1,2,1,1,2,1,5,1,2,1,2,1,1
"189",3,4,4,1,1,3,4,4,2,5,3,5,3
"190",4,4,4,4,5,4,3,5,1,5,5,5,5
"191",1,4,3,2,2,2,3,1,2,2,1,2,2
"192",4,2,1,2,5,4,2,3,5,4,3,3,4
"193",1,3,3,2,4,3,4,3,1,5,3,3,4
"194",2,3,3,4,4,5,3,3,3,3,3,5,5
"195",2,5,5,5,1,1,3,1,4,1,1,1,1
"196",2,2,1,2,3,1,5,4,1,2,5,5,4
"197",1,2,1,2,4,1,1,2,1,4,1,1,1
"198",4,1,1,2,2,2,2,2,4,5,3,1,1
"199",1,1,2,2,1,3,1,1,1,1,1,1,1
"200",4,3,4,3,1,2,3,3,5,3,1,5,4
"201",2,3,4,3,2,3,1,2,4,2,1,1,2
"202",2,1,1,1,2,2,5,2,1,1,5,1,1
"203",4,3,1,3,5,5,1,5,1,4,5,5,4
"204",4,3,2,3,5,3,1,5,4,4,5,4,5
"205",3,2,3,3,2,4,5,5,2,3,2,5,3
"206",1,4,3,5,4,4,5,4,4,5,4,4,5
"207",3,1,1,2,3,2,2,2,2,1,5,2,1
"208",3,4,4,3,3,2,4,2,5,3,4,1,2
"209",2,3,4,2,3,1,4,3,2,5,1,4,4
"210",1,1,1,1,2,1,1,2,1,1,1,1,1
"211",1,4,4,3,2,1,3,1,1,1,3,4,2
"212",5,2,3,2,4,3,4,5,3,5,3,4,5
"213",4,5,3,3,1,4,4,1,2,2,2,4,3
"214",2,5,4,3,1,1,4,2,2,4,1,1,1
"215",2,1,2,3,4,1,4,3,2,2,4,4,3
"216",3,1,1,2,4,3,3,5,3,1,2,4,3
"217",5,5,5,5,3,2,2,4,4,3,3,4,2
"218",2,5,4,3,1,3,4,3,5,4,5,4,4
"219",4,5,5,5,2,1,2,3,2,3,1,1,4
"220",1,2,2,3,5,4,1,5,1,1,2,3,2
"221",1,1,1,1,5,2,3,1,1,2,1,3,1
"222",5,5,5,3,4,4,2,2,4,5,2,1,5
"223",2,4,4,2,5,4,4,4,3,3,5,5,4
"224",4,2,4,4,5,5,5,2,4,4,3,4,5
"225",2,3,4,3,2,2,2,3,5,3,5,4,4
"226",3,5,2,3,5,3,5,2,3,3,3,3,5
"227",5,5,4,4,2,2,2,4,4,1,1,3,2
"228",3,2,2,2,5,4,5,5,4,4,2,4,5
"229",4,3,3,4,5,3,4,3,4,5,3,5,4
"230",5,1,1,2,3,3,5,4,2,2,5,3,3
"231",1,1,1,3,5,2,2,5,3,3,1,4,2
"232",3,3,2,2,4,5,5,5,5,4,5,4,5
"233",1,3,5,3,3,3,4,4,1,1,4,1,2
"234",5,5,5,2,1,2,2,1,3,3,3,2,4
"235",1,2,3,5,4,4,1,1,5,5,2,1,2
"236",1,5,2,3,4,1,1,2,1,4,5,4,2
"237",5,2,3,3,5,2,1,4,3,3,4,2,2
"238",2,4,5,2,4,2,5,3,3,3,3,4,3
"239",1,1,2,1,2,5,4,4,3,2,2,3,4
"240",2,2,2,1,5,3,5,4,3,5,4,2,4
"241",1,3,5,2,4,4,5,3,2,1,5,4,4
"242",4,4,4,4,5,2,4,2,3,2,3,1,1
"243",1,2,1,1,2,3,4,4,1,4,3,2,4
"244",2,4,2,3,2,2,5,4,3,1,3,5,2
"245",1,1,1,1,3,2,5,1,1,1,2,1,1
"246",3,2,2,4,5,5,2,4,4,3,3,3,4
"247",1,3,2,1,5,1,3,3,3,1,4,1,1
"248",4,5,4,5,4,4,5,5,5,5,4,4,3
"249",3,1,1,2,2,1,1,3,2,3,5,5,4
"250",5,3,3,2,1,1,2,2,4,2,3,5,3
"251",2,3,5,5,1,5,1,2,2,1,1,2,1
"252",3,3,3,2,4,4,1,4,2,2,1,1,2
"253",2,1,2,1,3,1,2,1,1,1,1,1,1
"254",1,1,1,1,1,2,3,1,1,2,1,2,2
"255",5,1,1,4,5,1,3,1,4,2,2,1,1
"256",1,2,1,1,1,1,5,2,1,1,5,2,2
"257",5,3,2,2,3,2,2,2,3,1,1,2,3
"258",2,4,2,1,3,4,1,4,1,2,3,5,3
"259",4,3,5,2,1,1,1,2,1,1,2,1,1
"260",3,1,2,1,1,1,4,1,2,1,2,1,2
"261",1,3,1,1,2,2,1,2,2,3,4,1,1
"262",3,4,3,3,5,5,5,5,2,4,5,5,5
"263",4,1,1,2,5,5,1,3,4,5,4,4,5
"264",1,1,4,3,5,4,5,4,3,4,5,5,5
"265",1,4,2,2,4,4,4,1,1,3,4,4,3
"266",1,2,1,2,4,5,5,5,4,5,2,5,5
"267",5,3,3,2,4,5,4,5,4,4,3,5,4
"268",5,4,5,3,5,2,3,3,3,3,4,5,1
"269",3,2,3,3,4,3,1,2,3,2,2,1,5
"270",2,4,4,3,2,1,4,3,3,2,2,1,2
"271",2,2,1,1,2,1,1,4,2,4,1,2,1
"272",3,3,2,2,2,4,3,3,2,2,1,1,1
"273",3,2,1,1,4,5,2,4,3,1,2,1,1
"274",3,2,2,2,1,4,3,4,5,4,4,3,5
"275",5,5,5,5,5,1,5,3,3,3,4,5,3
"276",3,5,2,5,3,3,1,2,4,3,2,1,1
"277",2,2,3,2,1,1,3,1,2,1,1,1,1
"278",4,4,3,2,5,4,5,2,2,4,4,5,4
"279",2,3,2,3,1,1,3,4,2,1,1,3,4
"280",4,4,4,4,3,3,5,3,3,2,4,3,1
"281",3,3,2,2,4,3,3,1,2,3,2,2,2
"282",1,5,5,5,3,3,2,3,3,4,5,2,1
"283",3,4,1,3,3,3,4,1,2,5,5,3,2
"284",1,3,5,4,2,3,2,2,2,1,3,1,2
"285",4,4,4,3,3,1,1,1,3,2,1,2,3
"286",1,1,1,1,1,2,1,1,1,3,1,4,1
"287",2,4,4,3,4,3,1,3,3,1,5,3,2
"288",3,5,5,5,3,5,2,4,4,5,3,4,5
"289",1,3,3,3,2,1,4,2,5,4,2,2,3
"290",5,2,4,3,1,2,2,5,1,1,4,3,2
"291",2,2,1,2,3,3,3,5,2,2,2,3,3
"292",3,1,1,2,2,5,3,1,3,4,3,2,2
"293",3,2,3,3,4,5,3,5,5,4,4,5,5
"294",1,4,3,5,3,2,3,2,3,3,2,1,1
"295",1,2,4,2,5,3,4,3,2,2,3,2,4
"296",3,3,2,2,1,4,3,4,1,3,4,4,3
"297",2,2,3,3,3,5,4,4,2,3,4,2,4
"298",4,3,3,3,1,5,2,4,4,5,1,3,4
"299",1,2,1,2,3,1,3,1,1,1,3,5,5
"300",4,4,4,4,2,3,5,2,5,4,3,5,4
"301",3,5,5,5,2,1,2,2,2,2,3,2,2
"302",2,1,2,2,4,2,3,2,5,5,5,5,3
"303",2,2,2,4,5,5,4,4,1,2,2,5,2
"304",3,5,4,4,2,5,2,2,2,5,5,5,3
"305",3,2,3,1,2,3,3,4,1,1,2,3,4
"306",5,3,5,3,3,3,3,2,2,1,1,1,3
"307",2,4,5,5,3,3,1,5,5,5,5,5,5
"308",5,5,5,4,4,5,2,1,4,5,5,4,5
"309",4,5,4,3,2,2,4,3,4,4,5,3,3
"310",3,1,4,3,1,4,1,1,3,1,1,2,1
"311",4,4,2,1,1,1,2,1,1,1,1,1,1
"312",2,1,2,1,2,2,2,3,2,2,3,1,2
"313",2,3,4,3,3,4,5,2,4,4,2,3,4
"314",4,4,3,4,5,2,4,3,3,3,3,3,4
"315",5,5,4,3,1,3,3,2,5,5,3,4,4
"316",2,3,1,1,2,5,3,5,4,4,3,1,2
"317",2,4,5,5,4,2,4,4,2,2,5,1,3
"318",5,5,3,4,5,4,1,3,5,3,1,3,4
"319",4,5,5,4,4,5,2,1,4,4,2,2,4
"320",3,4,4,5,4,2,1,5,1,3,2,2,4
"321",2,4,2,4,2,2,2,3,3,4,4,4,4
"322",2,2,2,4,4,1,3,1,3,5,3,1,1
"323",3,5,2,4,1,3,1,1,5,1,3,2,4
"324",4,4,4,4,4,5,5,3,3,3,5,4,4
"325",1,5,2,3,2,4,1,1,1,3,2,1,2
"326",1,3,5,3,1,2,1,4,1,1,1,1,2
"327",5,5,3,3,3,3,2,4,5,3,5,2,3
"328",2,2,4,2,5,5,5,5,4,5,5,5,5
"329",1,3,1,3,3,4,3,4,1,1,3,3,4
"330",1,4,3,4,5,5,3,2,2,3,1,1,4
"331",1,1,1,2,5,5,2,4,4,4,4,5,4
"332",1,1,2,1,1,1,1,3,1,2,1,1,1
"333",1,1,3,2,2,1,2,1,1,1,3,3,1
"334",5,2,3,2,3,4,5,3,5,5,5,5,5
"335",3,4,4,5,5,5,3,4,2,2,5,5,4
"336",4,4,2,4,1,5,2,5,4,3,4,2,3
"337",5,5,5,5,5,5,5,4,4,5,5,5,5
"338",1,4,1,5,5,4,4,3,5,4,5,4,4
"339",3,3,3,2,1,1,3,3,1,2,1,2,1
"340",4,5,5,4,2,2,2,2,3,2,1,1,1
"341",3,5,5,4,5,5,5,5,3,4,4,5,5
"342",2,1,1,2,4,4,2,2,1,3,3,5,4
"343",1,1,1,2,4,4,4,5,2,4,4,5,5
"344",5,2,4,1,4,2,3,3,2,3,1,1,1
"345",3,1,2,2,4,4,5,5,2,4,4,3,4
"346",3,2,3,1,4,2,5,4,1,1,5,2,3
"347",2,3,2,1,1,1,2,1,2,1,4,4,3
"348",4,4,5,5,5,5,5,4,5,5,5,5,5
"349",2,4,5,3,5,4,1,4,5,3,4,3,5
"350",2,1,1,1,5,3,3,3,3,4,4,5,4
"351",4,2,5,5,5,5,5,4,3,2,4,4,4
"352",4,4,5,5,2,2,1,1,3,3,3,2,3
"353",3,1,1,2,5,5,5,5,4,5,2,5,4
"354",4,4,5,5,4,4,5,5,3,4,5,5,5
"355",5,4,5,5,3,5,5,4,5,5,5,5,5
"356",1,4,1,5,1,3,2,2,2,2,2,4,3
"357",4,3,5,4,4,5,5,3,5,4,5,5,5
"358",1,2,4,5,3,5,3,1,4,3,3,5,4
"359",1,2,4,2,1,3,4,4,1,1,1,1,1
"360",2,4,4,5,1,2,5,3,3,2,3,4,3
"361",4,5,5,4,3,2,4,5,5,5,3,2,1
"362",3,4,3,4,1,2,3,1,3,4,3,4,4
"363",4,1,1,1,2,2,4,1,4,3,1,3,1
"364",1,1,1,1,5,5,1,2,1,3,5,5,2
"365",1,1,1,1,5,5,2,2,1,3,2,3,3
"366",1,1,1,1,5,3,2,1,1,2,3,5,3
"367",4,4,4,4,4,3,2,4,3,1,5,2,3
"368",5,5,3,4,5,4,4,5,5,4,5,3,3
"369",1,1,1,1,1,2,1,3,1,1,1,1,1
"370",2,3,4,2,2,1,5,5,3,3,3,4,3
"371",4,5,5,2,4,4,5,4,5,1,4,5,3
"372",5,3,4,1,5,2,1,5,5,1,4,1,2
"373",1,1,1,1,5,4,5,3,4,5,5,5,2
"374",3,3,4,2,5,2,5,3,4,2,2,3,4
"375",2,2,1,2,5,5,3,5,3,5,4,4,5
"376",4,2,4,3,4,5,5,4,5,5,3,4,5
"377",1,4,3,1,2,1,2,2,2,2,4,1,2
"378",2,1,1,2,1,5,4,4,2,2,5,3,1
"379",2,3,4,4,5,5,2,5,4,1,5,2,5
"380",5,4,5,4,5,3,4,1,4,4,5,2,5
"381",3,3,1,4,4,2,2,2,4,2,4,2,1
"382",4,3,4,3,1,3,2,2,4,2,1,1,1
"383",3,5,3,3,2,5,3,1,5,3,3,4,5
"384",1,2,3,2,2,2,4,1,3,1,1,2,2
"385",5,5,5,4,3,5,4,3,5,3,3,3,5
"386",1,1,2,2,4,3,4,3,3,2,4,2,4
"387",4,4,3,3,3,2,2,1,3,3,1,1,2
"388",4,5,4,5,2,4,4,3,4,4,2,3,2
"389",3,2,3,2,2,1,4,1,3,1,4,2,1
"390",2,5,4,3,1,4,5,1,2,1,2,2,2
"391",5,5,5,5,3,2,2,4,3,5,3,2,4
"392",4,1,4,4,3,3,5,5,1,1,2,4,2
"393",2,2,4,4,3,1,2,1,5,5,1,3,2
"394",3,4,4,3,3,2,1,1,5,4,1,4,2
"395",2,3,1,2,4,3,5,4,3,4,5,4,4
"396",3,2,2,1,5,3,2,5,4,4,4,4,4
"397",2,4,4,5,5,1,5,3,3,3,2,1,3
"398",4,3,2,1,1,3,3,2,5,1,1,1,1
"399",2,3,2,4,5,5,4,5,4,5,2,5,5
"400",1,2,1,4,3,2,1,1,4,4,1,1,3
"401",3,5,5,5,3,4,1,2,3,5,4,2,5
"402",1,1,1,1,1,1,4,1,1,1,1,2,1
"403",1,1,1,1,2,1,1,1,1,1,1,1,1
"404",2,4,3,3,5,5,3,3,4,4,5,4,4
"405",4,3,3,3,5,5,5,5,4,5,5,5,5
"406",4,5,5,5,2,1,2,2,3,1,4,2,1
"407",3,4,4,2,1,2,4,2,3,1,1,2,2
"408",4,4,4,5,5,1,2,5,3,5,2,4,2
"409",3,2,1,3,5,4,1,2,3,3,2,1,3
"410",5,4,2,2,2,5,3,5,4,2,4,5,2
"411",3,1,1,3,4,3,2,3,2,5,3,5,4
"412",2,5,5,5,3,4,3,2,3,4,4,2,4
"413",3,5,4,5,5,4,3,1,3,4,4,4,3
"414",1,1,1,1,5,3,1,2,2,2,3,2,3
"415",4,3,2,4,2,3,2,3,3,2,2,2,1
"416",1,4,3,3,4,5,1,5,2,4,4,5,5
"417",2,3,2,3,3,3,5,4,5,3,1,5,3
"418",3,3,2,1,3,1,5,4,1,2,3,1,1
"419",3,4,2,3,1,1,2,1,3,1,1,4,2
"420",2,5,5,3,2,1,2,2,3,1,1,1,2
"421",1,1,1,4,3,2,3,2,1,2,5,3,2
"422",3,4,3,1,3,2,2,4,2,2,1,3,3
"423",1,2,2,3,1,1,2,2,1,1,3,2,2
"424",3,1,1,3,3,3,2,4,4,2,3,4,1
"425",5,3,3,1,1,2,3,2,2,1,4,3,3
"426",2,4,2,2,1,2,2,4,2,3,1,3,4
"427",2,3,4,1,3,1,5,1,1,1,2,2,1
"428",4,2,2,1,3,1,5,5,2,1,5,4,3
"429",5,4,5,5,1,2,4,3,1,3,5,4,4
"430",1,1,1,1,5,4,5,5,1,1,5,5,4
"431",5,5,5,4,2,3,3,1,5,1,2,2,2
"432",1,4,2,2,3,4,4,5,2,1,4,3,5
"433",4,2,3,4,1,2,5,1,1,1,2,2,1
"434",1,5,3,5,2,4,4,5,4,4,2,4,5
"435",4,1,2,2,1,1,2,2,1,2,3,2,1
"436",1,1,1,2,1,1,3,3,1,1,3,2,5
"437",4,5,5,5,3,2,4,1,3,4,3,4,1
"438",3,2,2,1,2,2,3,3,1,1,4,1,1
"439",5,5,5,5,5,5,3,5,5,5,5,4,5
"440",4,3,1,3,2,3,5,2,2,3,4,1,1
"441",5,5,5,5,2,1,2,1,5,4,2,2,4
"442",1,1,2,3,1,1,1,1,2,2,2,3,2
"443",5,5,5,5,3,5,3,1,5,2,3,2,4
"444",4,4,4,4,2,1,4,3,4,2,2,2,2
"445",2,2,2,4,1,1,2,2,2,1,2,3,2
"446",2,4,2,4,4,4,1,1,4,5,3,2,1
"447",4,2,1,2,3,5,5,4,2,2,3,5,3
"448",3,1,1,2,1,1,1,2,3,1,1,1,2
"449",4,4,5,4,3,4,5,5,4,5,3,4,4
"450",4,4,1,4,2,5,1,4,3,1,2,3,4
"451",4,3,4,1,5,1,4,4,3,2,4,2,3
"452",1,4,3,1,3,5,5,2,1,1,1,1,4
"453",5,3,4,5,4,3,2,4,3,3,5,5,5
"454",3,3,3,1,1,2,4,3,4,4,3,2,2
"455",5,5,5,5,5,2,3,3,5,5,2,4,2
"456",4,2,1,3,5,3,5,3,5,5,5,4,5
"457",4,4,5,4,4,1,2,2,3,1,2,3,2
"458",5,5,5,5,5,5,5,5,3,5,4,2,5
"459",2,4,2,2,1,5,3,2,1,1,1,1,2
"460",5,5,4,5,3,5,3,4,5,5,5,5,5
"461",5,5,5,4,5,5,3,5,5,4,3,3,4
"462",5,5,5,4,1,1,4,3,1,1,3,1,4
"463",2,3,3,3,1,4,1,4,4,3,2,4,4
"464",5,2,3,3,3,3,2,1,4,5,2,2,2
"465",4,1,3,3,3,1,5,2,2,4,4,4,3
"466",5,3,3,5,3,3,4,2,4,4,5,1,4
"467",3,2,1,1,2,3,1,4,1,1,1,2,2
"468",5,3,5,5,3,3,5,5,2,4,5,5,4
"469",1,4,3,4,3,5,4,1,1,3,4,5,5
"470",1,1,2,1,3,2,5,4,2,2,3,5,2
"471",5,3,2,1,1,5,5,3,4,4,4,5,4
"472",5,5,5,4,4,2,1,5,5,3,5,3,4
"473",2,2,1,1,2,1,1,4,2,1,1,4,3
"474",5,5,5,5,2,3,4,1,5,5,4,3,4
"475",3,4,3,3,1,1,5,2,3,1,2,1,1
"476",1,5,5,5,5,4,5,4,5,5,4,3,4
"477",3,3,3,2,5,2,3,3,3,3,1,2,3
"478",3,4,5,5,1,3,3,3,3,4,2,3,4
"479",3,4,2,5,1,2,2,2,5,3,5,5,3
"480",3,2,3,3,2,4,4,4,1,4,3,3,4
"481",5,2,4,3,5,3,4,3,5,4,5,5,5
"482",2,2,2,3,5,1,2,3,5,2,3,1,2
"483",2,1,1,1,3,3,1,2,1,5,2,3,3
"484",5,4,3,3,2,2,1,2,5,3,2,1,2
"485",4,3,1,2,1,1,3,3,1,2,2,3,1
"486",5,3,5,4,4,3,3,5,4,3,4,4,3
"487",3,1,3,3,2,3,4,2,4,5,1,5,2
"488",5,5,5,5,2,2,4,2,5,2,3,4,3
"489",4,4,3,3,4,3,1,5,5,5,4,1,3
"490",5,5,5,4,5,4,3,2,4,5,3,5,3
"491",4,5,4,2,5,2,4,1,5,4,3,4,2
"492",5,3,5,2,1,3,3,2,4,1,3,1,3
"493",2,3,2,3,1,1,1,2,3,3,3,4,3
"494",5,5,5,5,4,4,5,4,5,5,4,5,5
"495",1,4,3,5,5,4,2,3,2,4,5,5,5
"496",5,2,5,1,3,3,4,2,1,2,5,4,5
"497",3,1,2,2,2,1,5,4,2,1,2,1,1
"498",2,1,1,1,5,2,5,4,3,2,5,3,2
"499",4,5,5,3,1,1,3,2,4,3,1,4,2
"500",3,2,2,1,3,3,2,1,2,3,5,3,3
"501",1,1,1,1,1,1,1,2,1,2,2,5,1
"502",1,2,2,1,1,2,1,1,1,2,1,1,1
"503",1,2,1,1,4,1,5,4,1,2,1,5,1
"504",4,2,2,3,1,1,1,1,3,1,1,2,1
"505",1,1,1,1,3,2,3,2,2,1,3,1,2
"506",1,1,2,1,2,1,2,1,1,1,1,2,1
"507",2,1,3,2,4,5,2,4,3,3,5,2,3
"508",2,2,3,4,4,4,2,5,1,2,1,4,3
"509",2,1,2,3,3,2,2,2,3,2,5,3,3
"510",4,2,2,1,5,2,4,4,1,2,5,2,2
"511",2,4,2,3,1,3,3,1,4,3,2,3,4
"512",2,1,4,3,3,3,4,5,3,3,5,4,5
"513",5,5,4,3,5,4,5,5,4,3,2,4,3
"514",4,3,3,4,1,4,1,2,4,5,3,4,5
"515",4,4,4,2,1,1,3,2,3,1,5,2,2
"516",3,3,4,2,4,2,4,3,3,3,4,3,5
"517",3,1,4,4,2,1,2,3,4,3,4,1,1
"518",4,4,3,2,3,3,1,1,4,5,3,3,5
"519",4,4,3,5,5,4,4,5,5,5,5,4,4
"520",1,1,1,2,1,1,2,1,2,2,1,5,2
"521",2,3,4,3,5,4,5,2,3,3,5,4,5
"522",1,1,1,2,4,3,2,5,4,3,2,4,4
"523",3,2,1,2,5,4,1,2,3,4,5,4,3
"524",4,2,2,2,2,4,4,4,3,1,2,5,4
"525",3,1,1,2,2,4,2,3,2,1,2,4,3
"526",3,4,3,4,5,5,5,4,4,4,4,5,5
"527",3,1,2,1,2,3,5,4,2,2,3,3,3
"528",1,1,2,1,2,1,1,3,1,1,3,5,4
"529",1,1,3,5,5,5,4,5,3,5,3,5,5
"530",2,5,3,3,4,5,1,4,4,4,1,4,5
"531",5,3,2,3,1,2,2,1,5,1,5,1,1
"532",4,4,5,2,5,4,4,5,3,3,5,4,3
"533",2,1,1,1,5,2,5,5,2,2,3,4,2
"534",4,2,3,1,2,4,1,1,4,4,3,4,4
"535",3,5,4,5,3,3,1,1,1,2,1,1,2
"536",3,3,1,3,3,4,3,4,3,4,1,2,3
"537",1,1,4,2,3,4,5,2,3,3,5,2,5
"538",3,5,2,4,3,1,1,1,4,5,3,4,2
"539",1,1,1,1,1,2,4,1,1,1,3,3,2
"540",3,3,3,4,4,2,4,3,2,1,3,1,1
"541",5,3,2,4,3,2,2,3,2,1,2,4,2
"542",2,4,2,4,2,5,3,5,5,5,5,5,5
"543",1,4,2,5,3,1,1,1,2,3,4,4,1
"544",3,2,2,4,1,1,2,3,3,3,1,1,1
"545",5,2,2,4,4,5,4,5,3,4,4,4,4
"546",3,2,4,3,2,3,2,4,1,3,4,2,3
"547",4,4,3,5,3,2,1,2,1,2,2,2,3
"548",4,4,2,5,5,5,4,3,4,5,3,5,5
"549",2,4,5,2,1,2,4,3,3,2,2,5,3
"550",5,1,2,3,2,4,5,5,1,3,1,4,4
"551",1,1,1,2,3,2,2,5,1,3,2,4,1
"552",3,2,3,2,1,1,3,4,1,3,2,1,1
"553",1,3,1,4,5,4,3,1,5,5,4,2,4
"554",3,2,2,2,5,5,4,3,3,4,2,3,5
"555",1,2,3,4,1,5,1,3,2,3,1,1,3
"556",3,2,2,2,3,3,1,1,2,1,2,3,4
"557",1,1,1,1,4,3,5,4,1,2,3,4,4
"558",2,3,2,1,1,5,2,2,2,4,4,2,2
"559",2,2,1,2,3,2,1,1,3,3,2,2,2
"560",1,2,2,3,2,1,5,3,2,2,3,2,4
"561",1,2,1,1,1,2,3,4,2,4,4,4,4
"562",1,1,1,1,1,1,1,1,1,1,1,1,1
"563",5,4,5,4,2,2,1,1,1,3,3,4,4
"564",5,5,4,5,4,4,2,2,5,5,5,4,5
"565",1,2,3,4,5,5,5,5,4,5,5,5,5
"566",3,4,4,5,5,4,4,1,4,4,3,1,3
"567",1,2,1,1,3,1,2,3,1,1,1,1,1
"568",5,4,5,4,4,3,4,4,4,5,4,4,5
"569",3,2,1,1,3,4,1,4,1,1,4,5,2
"570",4,2,2,2,5,4,4,3,5,4,5,4,5
"571",2,1,1,2,4,1,1,1,1,1,1,1,1
"572",2,5,3,5,3,4,4,3,4,3,1,3,4
"573",2,3,3,4,5,5,5,5,3,5,5,5,5
"574",2,5,3,3,2,1,1,2,2,4,1,2,1
"575",2,5,4,4,1,4,5,2,2,1,4,5,5
"576",2,2,2,1,3,1,1,5,1,2,1,3,3
"577",2,1,2,3,3,2,3,3,2,1,3,5,3
"578",2,4,5,2,1,1,2,5,3,1,1,1,2
"579",4,5,4,3,2,3,4,4,3,4,2,5,4
"580",1,2,2,1,3,1,1,1,1,3,2,1,1
"581",2,1,1,2,3,3,3,2,1,4,3,1,3
"582",1,2,2,4,4,4,5,4,4,3,3,5,3
"583",3,1,2,1,1,1,5,2,2,1,4,2,1
"584",5,2,1,2,3,2,5,3,2,1,4,4,2
"585",2,2,2,3,4,3,4,1,2,4,1,1,2
"586",3,4,2,2,1,2,5,5,1,1,4,3,1
"587",3,2,4,1,4,2,4,5,2,1,4,3,4
"588",4,5,5,4,3,3,5,4,5,4,5,5,3
"589",3,4,3,5,4,5,5,5,5,5,5,5,5
"590",2,5,4,5,4,2,1,3,4,3,4,3,2
"591",4,2,1,3,4,5,4,4,4,3,2,5,2
"592",4,5,4,4,4,3,1,1,2,2,4,3,3
"593",3,1,2,4,3,5,1,3,3,2,1,2,4
"594",2,1,1,1,2,1,3,2,1,1,5,3,2
"595",2,2,4,3,4,2,3,2,3,4,2,1,2
"596",1,1,1,1,4,2,3,5,1,3,1,2,1
"597",5,2,2,4,1,4,3,3,4,5,2,2,2
"598",2,2,5,3,5,3,2,5,4,1,3,3,3
"599",2,2,2,3,1,2,1,1,4,3,1,2,1
"600",1,4,3,1,1,1,3,1,1,3,1,2,3
"601",4,4,3,2,5,3,3,3,3,4,5,3,4
"602",4,2,3,2,3,5,5,4,5,5,4,4,4
"603",1,2,3,2,1,1,1,1,1,1,1,1,1
"604",3,4,4,5,5,5,2,5,5,5,4,3,3
"605",3,3,3,5,2,1,5,3,4,4,2,2,1
"606",1,3,3,5,1,2,5,3,3,3,3,4,2
"607",5,5,5,4,5,4,5,3,4,5,2,5,5
"608",5,4,5,1,5,2,3,4,5,4,3,1,2
"609",4,4,4,3,2,3,1,4,5,3,4,2,3
"610",2,2,3,3,2,1,1,2,1,2,1,3,1
"611",3,3,2,4,1,2,2,4,4,2,3,2,4
"612",2,5,4,4,1,4,5,3,2,5,4,5,3
"613",3,1,1,3,2,5,1,5,1,2,2,3,5
"614",1,2,2,4,2,2,1,5,1,1,3,1,1
"615",1,1,2,1,3,1,5,4,1,1,3,4,2
"616",4,1,2,2,5,2,5,4,3,4,1,2,3
"617",2,2,3,2,1,2,4,4,2,2,2,4,2
"618",5,2,2,2,1,1,3,3,4,3,3,2,1
"619",5,5,5,5,3,3,3,1,5,5,5,3,3
"620",3,2,1,2,4,2,5,1,2,4,5,4,1
"621",2,1,1,1,1,1,1,1,1,1,1,1,1
"622",1,1,1,2,4,4,4,3,3,4,5,5,5
"623",1,2,1,1,5,1,4,4,1,1,3,2,2
"624",3,2,3,1,5,5,5,5,4,4,5,5,5
"625",3,3,1,2,5,2,3,1,3,5,2,2,2
"626",1,1,1,3,1,1,3,3,1,2,2,2,2
"627",3,2,1,1,4,4,4,4,2,1,2,2,1
"628",4,3,2,4,4,4,4,2,5,5,2,4,5
"629",3,3,3,3,4,5,2,3,3,2,1,5,3
"630",4,3,4,4,4,4,4,3,2,2,4,2,3
"631",5,5,4,4,5,5,3,4,5,5,5,4,5
"632",1,2,2,2,1,2,4,3,1,3,2,1,3
"633",2,5,5,5,4,4,2,5,5,1,2,3,2
"634",2,2,1,1,5,3,1,2,5,4,1,4,1
"635",1,1,2,2,2,2,1,2,1,1,2,1,1
"636",5,4,3,5,5,4,5,5,4,5,5,4,4
"637",5,2,4,4,4,3,1,5,1,1,2,2,2
"638",5,3,3,4,5,5,5,2,4,4,2,2,3
"639",2,5,3,5,1,2,1,1,3,3,3,2,1
"640",3,4,4,1,2,2,1,1,5,2,2,2,2
"641",2,4,2,1,5,4,4,4,3,5,4,4,5
"642",1,1,2,1,4,2,3,2,1,4,4,2,3
"643",2,2,4,4,5,4,4,4,5,5,2,4,3
"644",1,1,1,1,1,1,2,3,1,2,3,1,1
"645",5,2,4,3,1,3,5,2,5,5,2,3,4
"646",5,5,5,5,2,5,5,5,4,5,5,5,5
"647",5,1,3,5,4,3,4,2,2,2,1,2,1
"648",3,5,5,4,1,3,1,4,5,3,1,3,4
"649",5,4,3,2,2,5,2,5,4,3,2,2,4
"650",1,2,1,2,3,1,1,2,3,4,1,3,2
"651",5,5,5,5,3,1,5,4,5,5,5,5,4
"652",5,2,5,3,5,5,1,5,5,4,4,2,3
"653",1,5,3,4,3,3,1,3,2,2,2,2,3
"654",1,2,2,5,4,4,3,5,3,5,3,5,5
"655",1,1,1,2,4,3,1,4,1,1,4,3,1
"656",4,5,4,5,4,5,3,4,4,4,5,2,4
"657",1,1,1,1,5,4,3,3,1,2,1,4,1
"658",4,3,4,1,2,2,1,5,3,4,1,3,3
"659",1,1,3,2,5,2,5,5,2,3,5,3,3
"660",4,5,5,5,5,5,5,4,5,5,5,5,5
"661",2,4,4,4,2,4,5,3,2,1,3,1,3
"662",3,1,1,1,4,4,3,4,5,5,4,5,3
"663",3,4,3,4,5,3,4,5,3,5,5,3,3
"664",4,1,3,2,1,3,4,4,2,2,2,4,1
"665",1,1,2,1,2,4,2,1,1,4,3,3,4
"666",5,4,5,4,1,5,4,3,3,3,3,5,5
"667",1,4,4,2,3,3,5,4,3,2,4,4,3
"668",4,4,5,4,4,4,4,2,3,4,3,4,5
"669",1,3,3,4,5,5,1,5,5,5,2,4,5
"670",5,4,5,3,4,4,5,4,4,3,5,5,4
"671",2,3,2,2,3,2,2,3,4,2,2,2,5
"672",4,3,1,1,1,1,3,3,4,1,2,1,1
"673",1,2,2,5,4,1,4,2,1,2,2,1,1
"674",4,4,5,4,3,4,4,2,5,3,5,3,2
"675",5,5,5,4,1,2,4,4,4,3,3,2,2
"676",2,1,1,1,4,2,1,4,2,2,4,2,1
"677",2,2,2,5,3,3,4,4,3,3,3,1,4
"678",4,5,3,5,1,4,4,1,4,4,4,2,2
"679",5,1,3,2,1,3,1,4,2,2,1,2,2
"680",4,3,4,5,3,2,2,1,3,3,1,2,4
"681",1,5,3,5,1,2,1,1,2,2,2,2,3
"682",5,3,1,3,2,4,3,2,4,4,4,1,3
"683",4,4,5,4,4,2,4,4,5,4,2,1,1
"684",1,1,1,3,4,4,5,2,2,2,3,3,3
"685",5,1,3,4,4,3,4,4,5,5,4,2,5
"686",5,5,5,5,1,1,3,1,5,4,1,3,3
"687",4,4,2,3,4,5,2,3,2,3,5,2,4
"688",1,1,1,2,3,4,5,4,5,5,1,2,3
"689",1,5,2,4,4,1,3,1,4,3,1,2,1
"690",4,5,4,4,3,2,1,3,3,5,3,5,4
"691",1,1,2,2,1,1,1,1,1,1,1,1,1
"692",3,1,3,1,5,3,1,4,4,4,2,3,4
"693",3,2,1,1,2,2,1,2,2,2,1,3,3
"694",3,5,3,4,4,3,5,3,4,4,4,3,4
"695",4,4,5,5,5,4,3,5,3,5,5,4,4
"696",5,5,5,5,5,5,4,5,5,5,4,5,5
"697",5,5,5,5,5,5,5,5,5,5,2,5,5
"698",1,4,1,2,1,4,4,4,4,4,4,3,5
"699",3,1,1,2,5,4,1,1,5,4,1,2,2
"700",2,3,1,4,5,1,4,3,2,3,5,4,2
"701",4,3,4,5,5,5,2,5,5,4,3,2,5
"702",2,1,1,1,4,1,2,3,1,2,2,4,1
"703",4,5,5,5,3,3,2,3,5,5,3,4,3
"704",5,5,5,5,2,3,1,4,2,2,2,4,4
"705",5,5,5,4,3,5,3,5,2,3,4,2,4
"706",3,5,5,5,2,5,2,5,3,5,4,5,4
"707",5,5,5,5,2,5,3,2,5,5,4,2,2
"708",4,2,4,2,5,2,3,5,1,1,3,1,1
"709",5,5,3,5,1,2,2,5,5,2,1,3,3
"710",5,4,3,2,2,5,4,3,5,2,4,2,5
"711",5,2,3,4,3,5,4,5,5,4,1,3,5
"712",2,1,3,2,5,1,1,1,2,1,1,1,1
"713",4,3,3,1,2,3,2,1,3,4,3,4,2
"714",5,4,5,5,5,3,1,2,2,4,5,4,3
"715",2,5,5,5,4,5,3,3,4,3,1,1,5
"716",5,2,1,5,3,4,4,2,4,5,4,1,4
"717",5,4,5,5,2,1,2,1,2,5,1,4,4
"718",5,5,1,5,4,4,4,5,5,5,5,5,3
"719",2,5,2,1,2,1,5,1,2,2,4,1,1
"720",3,3,3,1,1,3,4,4,4,2,1,3,4
"721",4,5,4,5,4,2,1,1,2,4,5,4,3
"722",5,3,4,4,4,3,5,2,4,2,4,3,2
"723",3,5,5,3,2,5,1,5,2,3,2,2,4
"724",5,4,3,5,4,3,5,4,5,5,4,5,5
"725",4,3,3,4,3,3,3,5,3,4,4,4,4
"726",5,5,5,4,5,5,4,5,5,5,5,5,5
"727",5,5,5,5,5,4,5,5,5,5,4,5,4
"728",5,2,5,4,5,5,5,5,4,5,5,5,5
"729",1,2,2,2,1,2,2,3,1,1,1,1,1
"730",4,2,2,3,1,3,2,1,3,2,4,2,3
"731",4,5,5,5,5,3,3,5,4,3,5,5,5
"732",1,3,2,1,1,1,2,2,1,1,2,2,1
"733",3,3,1,3,1,4,5,1,3,3,2,1,5
"734",5,2,3,5,5,5,3,4,5,4,5,3,2
"735",2,1,1,1,1,1,3,1,1,1,2,1,1
"736",4,3,4,2,4,3,2,4,4,2,4,4,5
"737",5,3,4,5,4,5,4,5,5,5,5,5,5
"738",4,5,5,5,1,3,2,2,5,5,3,2,3
"739",3,5,4,4,4,3,3,2,4,3,5,2,2
"740",2,1,3,3,3,2,1,4,5,3,3,4,1
"741",4,4,5,4,3,4,1,4,1,3,3,5,5
"742",4,3,5,2,3,1,2,3,5,1,1,3,1
"743",4,4,5,4,3,2,3,4,3,5,3,4,5
"744",2,1,2,2,1,2,2,2,1,1,4,1,2
"745",1,1,1,1,2,1,1,2,2,2,1,1,1
"746",3,2,3,2,1,2,3,2,1,1,2,1,1
"747",4,5,5,4,4,4,2,4,5,4,1,2,5
"748",5,4,2,2,3,3,5,2,2,3,4,1,1
"749",4,1,2,3,5,1,1,1,2,3,1,1,1
"750",1,1,1,1,1,1,2,2,1,1,3,1,1
"751",1,3,3,2,5,1,4,3,1,1,2,3,1
"752",3,4,4,5,3,4,1,4,5,3,3,4,5
"753",5,1,1,1,1,3,3,2,4,2,4,3,1
"754",4,4,2,4,5,1,5,3,5,5,4,2,4
"755",2,3,3,5,3,5,5,1,5,3,5,4,4
"756",2,5,4,3,2,3,4,3,2,4,2,2,3
"757",4,3,2,3,4,4,3,4,5,5,3,2,4
"758",3,2,4,3,4,4,4,3,5,2,5,1,2
"759",5,5,5,4,4,4,1,1,4,2,4,3,3
"760",3,1,2,3,1,1,1,2,4,4,1,1,3
"761",5,1,4,5,1,4,1,1,4,5,2,3,4
"762",3,5,5,5,5,4,4,5,5,3,4,5,3
"763",4,2,2,5,5,5,2,5,5,3,3,5,5
"764",2,4,1,1,3,3,3,3,3,3,3,1,3
"765",1,2,4,4,3,1,2,2,3,1,2,1,2
"766",5,3,3,2,5,4,3,5,4,4,2,1,3
"767",4,5,5,5,1,1,1,1,3,5,1,1,1
"768",4,5,5,5,3,2,4,1,4,4,2,2,3
"769",4,3,1,1,4,2,5,4,4,4,5,5,4
"770",3,5,4,4,3,2,5,3,3,5,3,3,4
"771",5,4,2,3,2,5,1,5,5,5,5,3,4
"772",1,3,3,2,5,4,2,1,2,1,2,3,2
"773",1,2,2,4,1,1,4,1,2,3,1,2,2
"774",5,4,3,3,5,5,2,3,2,1,2,5,5
"775",5,3,4,2,3,3,3,3,5,5,1,3,3
"776",4,3,2,3,4,3,5,2,3,4,1,1,2
"777",1,2,1,1,3,5,4,4,1,2,5,2,2
"778",3,5,5,4,5,1,4,5,4,4,3,2,1
"779",1,5,5,5,1,3,4,5,5,2,5,2,3
"780",4,3,2,1,5,2,5,1,4,2,5,3,2
"781",3,4,4,4,3,4,5,4,5,4,3,5,5
"782",2,1,1,1,1,1,1,2,1,1,3,1,1
"783",3,5,4,4,5,2,3,4,5,4,4,3,3
"784",5,5,5,5,3,5,5,5,5,5,5,4,5
"785",2,1,2,2,3,3,3,5,3,5,4,1,4
"786",2,5,4,1,4,3,1,5,3,1,1,3,2
"787",4,1,3,2,4,5,3,5,5,1,5,5,5
"788",2,2,1,1,1,4,2,3,1,2,1,3,2
"789",1,2,2,3,2,1,3,3,1,1,2,2,1
"790",1,2,3,1,1,1,1,2,1,3,1,1,1
"791",3,5,4,5,4,1,4,3,1,3,2,1,3
"792",2,3,2,5,2,1,4,2,4,4,5,4,4
"793",5,3,2,3,5,5,5,4,5,4,4,2,3
"794",3,3,2,4,4,4,4,4,4,4,3,4,3
"795",3,5,5,4,2,1,5,3,3,5,5,1,1
"796",3,4,1,5,4,5,2,3,4,5,1,3,2
"797",3,5,4,4,1,1,1,3,4,5,2,1,2
"798",1,2,2,1,5,5,3,4,2,4,4,2,5
"799",4,5,4,3,5,4,5,5,5,5,4,4,4
"800",1,1,1,2,5,3,3,4,1,4,4,5,4
"801",4,5,3,5,4,5,5,2,4,2,5,1,3
"802",5,5,5,5,2,1,5,1,5,4,3,2,5
"803",1,2,1,2,3,3,2,4,1,1,1,4,2
"804",4,4,4,5,2,3,1,3,2,3,3,3,2
"805",5,5,5,5,5,4,4,3,5,5,4,5,5
"806",1,2,2,1,5,3,1,3,2,4,1,1,2
"807",5,5,4,4,5,5,5,5,5,2,5,3,5
"808",2,3,4,2,5,4,2,5,2,2,2,2,1
"809",4,3,3,4,3,4,5,3,5,5,2,3,3
"810",3,2,3,1,2,1,1,1,3,2,5,1,3
"811",1,1,1,1,1,4,1,2,2,2,1,4,2
"812",2,3,4,2,5,4,5,4,4,5,3,4,4
"813",3,2,4,3,5,3,5,3,2,3,4,4,2
"814",3,4,1,3,2,2,5,1,1,2,4,4,4
"815",3,3,2,3,3,4,1,5,3,4,5,5,4
"816",1,3,1,2,1,3,2,1,3,4,1,2,4
"817",1,2,1,1,2,1,2,1,2,3,1,3,1
"818",5,5,4,3,3,2,1,4,5,5,1,4,4
"819",5,4,5,4,2,4,4,4,3,3,4,2,3
"820",5,4,5,5,1,3,3,1,5,3,4,1,2
"821",2,3,4,4,4,2,2,4,2,2,4,2,3
"822",3,2,1,3,1,4,2,1,2,2,2,3,3
"823",3,2,3,3,1,5,3,1,3,2,1,1,2
"824",2,3,4,3,1,5,1,2,2,3,5,3,3
"825",5,3,3,3,4,5,3,3,2,1,4,3,4
"826",2,4,4,3,2,4,3,3,4,4,3,4,5
"827",1,1,1,1,4,2,5,4,1,2,2,3,1
"828",4,1,1,1,2,1,1,1,1,2,1,3,2
"829",1,1,1,3,1,1,1,1,2,1,1,2,2
"830",1,1,1,1,1,1,4,1,1,1,1,1,1
"831",4,5,1,5,1,2,3,2,4,4,2,1,4
"832",4,2,3,1,4,2,2,5,3,2,2,3,2
"833",5,3,2,4,4,3,3,1,5,4,1,1,2
"834",5,3,4,3,1,4,3,4,2,3,5,4,3
"835",3,3,1,4,4,3,5,3,2,2,1,5,4
"836",4,2,3,2,3,4,3,1,4,1,4,2,2
"837",4,5,5,5,2,3,4,1,5,5,3,5,5
"838",2,2,2,1,2,2,1,2,1,2,1,2,3
"839",3,2,4,5,4,3,5,4,5,3,5,1,4
"840",2,2,2,3,4,4,5,2,1,1,4,4,4
"841",4,3,2,4,2,2,1,4,4,4,2,1,2
"842",2,4,2,5,3,4,2,5,2,3,3,5,5
"843",3,3,1,1,2,3,1,3,1,5,1,2,2
"844",5,4,5,5,3,4,4,3,3,3,3,5,4
"845",1,2,2,1,3,2,5,4,1,1,2,2,1
"846",2,3,2,1,2,1,4,1,2,2,1,2,1
"847",3,3,5,3,4,5,2,5,4,4,5,3,5
"848",1,2,1,3,3,2,5,5,2,4,2,5,1
"849",2,1,1,1,4,1,1,2,1,1,2,1,1
"850",1,3,4,4,3,3,3,3,5,5,5,3,3
"851",2,1,3,4,1,2,3,1,1,1,4,2,1
"852",2,3,2,2,2,2,5,1,1,1,2,2,1
"853",1,4,3,2,3,4,3,3,1,4,1,2,3
"854",3,4,4,5,4,5,2,2,3,2,4,3,2
"855",2,2,3,1,1,1,4,1,1,2,1,1,1
"856",1,1,1,2,2,4,3,5,1,2,2,2,2
"857",3,1,2,2,3,3,3,3,2,4,4,5,5
"858",5,5,5,5,5,5,2,3,5,5,3,5,5
"859",1,1,1,1,3,1,4,2,1,1,2,3,2
"860",4,3,5,4,2,3,4,1,3,1,5,2,3
"861",2,1,3,1,1,3,2,2,1,1,1,2,4
"862",4,5,5,5,2,1,3,2,2,2,5,1,2
"863",2,5,5,4,1,3,1,2,3,2,4,1,2
"864",2,4,5,5,2,3,5,3,3,4,2,2,2
"865",4,1,3,1,2,2,1,2,1,2,4,3,4
"866",2,2,1,1,5,3,2,2,2,5,2,3,2
"867",3,2,4,2,1,2,3,3,1,1,3,2,2
"868",2,2,2,2,1,2,5,3,2,1,1,3,4
"869",4,4,2,1,2,2,4,4,4,5,3,4,3
"870",2,2,4,1,4,2,3,4,1,2,3,4,4
"871",3,4,2,5,2,1,2,1,3,4,2,2,1
"872",4,5,4,3,2,1,3,1,2,2,1,2,3
"873",3,1,1,1,4,1,2,2,2,1,3,5,2
"874",3,5,5,4,3,5,1,3,3,3,2,4,4
"875",4,1,2,2,4,1,1,3,2,3,1,3,4
"876",4,2,5,3,4,5,4,4,3,3,3,3,5
"877",3,2,5,3,2,2,1,2,3,3,4,4,3
"878",1,2,1,1,1,3,3,3,1,1,5,2,1
"879",2,2,2,3,3,1,3,2,3,4,3,3,4
"880",4,3,3,2,1,4,2,3,4,3,1,4,5
"881",4,2,1,1,3,1,2,3,1,5,1,1,2
"882",2,1,2,3,1,3,2,5,1,2,3,4,3
"883",3,4,4,4,1,3,1,3,4,2,2,2,3
"884",5,2,5,5,1,5,3,2,4,5,4,3,4
"885",1,2,1,1,2,1,5,2,1,2,2,3,2
"886",3,4,5,5,1,5,1,4,3,3,5,1,4
"887",2,2,2,2,4,4,4,4,5,5,5,1,4
"888",5,1,1,2,5,5,5,5,3,5,4,4,2
"889",1,2,3,4,1,4,1,5,3,1,1,3,4
"890",1,1,1,2,3,1,4,2,1,4,3,5,2
"891",5,5,5,1,4,2,4,2,1,2,3,1,2
"892",2,3,1,4,1,2,3,1,4,3,4,3,1
"893",4,2,1,2,2,2,2,5,3,2,3,2,5
"894",4,5,4,4,3,5,4,4,5,3,5,5,5
"895",2,2,3,4,4,5,3,5,4,3,2,5,5
"896",5,1,3,3,4,4,3,4,2,2,4,5,4
"897",2,1,3,3,2,3,1,2,4,2,4,4,3
"898",5,5,3,3,5,5,1,3,4,4,3,2,2
"899",4,3,5,3,2,2,2,2,5,2,1,2,3
"900",3,3,5,4,3,1,2,2,3,2,1,4,2
"901",3,3,2,3,2,3,5,3,3,2,5,4,2
"902",5,3,1,2,5,4,4,3,4,2,5,5,4
"903",5,5,4,5,4,1,4,3,5,5,4,3,3
"904",1,2,1,1,3,1,3,1,4,3,1,4,4
"905",5,4,3,4,5,5,4,3,2,4,3,3,5
"906",3,3,1,4,5,5,5,3,4,4,1,3,2
"907",5,4,2,4,5,1,5,3,4,4,5,1,2
"908",4,5,3,5,5,3,2,4,5,5,4,1,4
"909",1,1,1,1,2,2,2,2,1,1,1,4,2
"910",5,5,4,5,5,3,5,3,5,3,5,5,3
"911",3,5,5,5,5,4,5,3,5,5,5,3,4
"912",2,1,2,4,1,2,1,1,2,1,2,2,1
"913",2,4,5,5,2,1,3,1,3,3,3,5,2
"914",5,4,3,4,5,4,5,5,4,4,5,5,3
"915",1,2,1,2,3,1,1,2,3,2,3,3,3
"916",4,5,5,5,2,1,4,2,1,1,4,2,1
"917",2,2,1,3,4,4,2,5,4,3,5,4,3
"918",4,3,4,3,1,3,4,4,5,2,3,3,4
"919",5,3,4,3,4,5,5,5,5,3,5,4,5
"920",3,5,5,5,2,4,5,4,5,5,3,3,3
"921",4,3,3,4,3,4,5,2,4,1,4,1,4
"922",3,1,2,2,4,1,2,4,3,4,4,4,4
"923",3,5,5,5,1,4,3,2,4,4,3,3,4
"924",2,1,1,4,3,5,5,5,4,4,2,5,4
"925",2,4,2,3,5,5,2,5,4,5,3,5,5
"926",1,2,1,5,1,1,1,4,1,4,1,3,1
"927",4,2,3,1,1,4,5,4,1,3,4,4,4
"928",2,5,4,4,2,5,4,5,3,5,4,4,5
"929",4,4,5,4,3,4,5,5,4,2,5,5,5
"930",5,5,5,5,3,5,4,2,5,4,1,3,5
"931",5,3,5,5,3,3,5,3,4,1,3,1,1
"932",2,3,3,4,2,4,1,2,1,3,2,2,3
"933",4,1,4,4,5,3,3,2,4,5,4,5,4
"934",2,3,1,2,5,5,3,3,5,5,3,5,3
"935",2,2,1,1,5,1,4,4,3,5,3,4,5
"936",5,4,3,5,4,2,3,1,5,3,5,4,3
"937",5,5,3,5,5,4,3,5,5,5,3,5,5
"938",3,3,4,3,5,4,2,5,2,2,5,4,5
"939",2,2,2,1,3,2,2,1,5,3,2,3,4
"940",4,3,3,4,3,1,5,5,2,1,1,1,1
"941",3,1,2,1,2,5,4,3,4,2,5,3,2
"942",4,1,1,1,2,2,2,4,3,4,2,2,1
"943",4,3,2,4,5,5,1,2,5,5,2,4,3
"944",5,4,4,4,5,5,2,5,5,5,5,5,5
"945",4,3,4,4,4,5,2,3,4,4,4,5,5
"946",2,3,3,3,5,3,2,3,4,3,1,3,2
"947",2,1,1,1,5,5,2,5,1,3,4,4,2
"948",5,5,4,5,4,3,4,3,5,5,4,4,5
"949",3,5,5,2,2,3,3,5,4,3,4,5,3
"950",3,4,3,2,3,3,2,3,2,3,1,1,1
"951",3,3,3,5,4,5,5,5,5,4,2,1,4
"952",2,5,3,5,5,2,5,1,3,1,1,3,1
"953",4,3,2,3,5,4,5,4,5,5,5,2,3
"954",5,5,3,4,5,3,2,4,3,4,4,2,3
"955",1,2,3,3,2,3,3,1,2,4,2,1,5
"956",5,5,3,4,2,5,5,3,4,2,2,4,3
"957",1,2,3,2,2,2,3,2,1,1,4,3,1
"958",1,4,5,4,3,2,2,1,1,1,1,4,2
"959",5,5,4,4,5,5,1,4,5,5,1,4,4
"960",1,4,4,2,1,3,3,4,3,4,4,2,2
"961",4,4,2,5,3,4,3,3,4,5,3,3,3
"962",3,1,3,2,5,2,4,4,2,1,3,2,1
"963",1,1,1,1,1,2,2,1,1,1,2,1,1
"964",5,5,5,3,4,2,5,3,3,1,5,4,5
"965",1,2,1,2,1,1,1,1,2,1,1,1,2
"966",2,1,2,3,1,1,2,2,1,1,1,1,1
"967",1,2,4,3,3,2,4,2,1,1,3,4,2
"968",1,3,4,3,2,2,4,2,4,3,5,2,2
"969",1,4,4,3,4,5,5,5,4,4,3,5,5
"970",5,4,4,4,5,3,2,5,5,4,4,5,4
"971",2,2,2,4,5,1,1,1,4,2,1,1,2
"972",4,2,3,2,1,2,2,1,4,3,2,2,2
"973",2,5,1,3,4,5,5,5,4,3,5,4,4
"974",2,2,4,4,1,1,4,3,1,1,2,3,1
"975",5,4,5,3,3,5,3,2,5,3,3,3,4
"976",3,1,1,1,1,3,1,3,3,2,4,2,3
"977",4,3,3,4,3,3,2,4,3,4,4,5,2
"978",5,2,2,1,2,2,4,3,2,4,3,4,5
"979",5,1,2,4,5,5,3,3,2,3,4,5,3
"980",3,2,3,3,3,4,2,2,4,4,3,3,2
"981",4,3,1,2,3,3,2,3,3,4,3,1,2
"982",2,4,4,2,3,1,2,1,1,1,1,2,1
"983",2,1,2,2,4,5,2,1,4,5,3,4,5
"984",4,5,5,4,5,2,1,3,5,1,2,1,1
"985",1,1,2,2,3,2,5,3,1,1,1,3,2
"986",4,4,3,3,1,3,1,3,2,2,3,1,2
"987",3,2,3,1,1,2,1,1,1,2,2,1,3
"988",5,5,5,5,2,4,4,4,4,5,5,5,3
"989",4,5,3,4,3,5,2,5,5,5,5,3,5
"990",5,2,2,4,4,3,2,4,5,2,5,4,4
"991",5,5,3,5,2,3,5,3,5,5,5,5,4
"992",1,1,2,1,2,3,5,3,1,1,2,4,2
"993",5,3,5,5,3,5,1,2,2,3,4,3,2
"994",3,1,2,3,2,2,1,1,4,2,2,3,3
"995",3,1,4,1,3,1,1,4,1,1,1,2,1
"996",1,1,3,2,5,5,1,5,1,1,4,5,5
"997",5,3,3,2,5,5,3,2,5,5,3,4,5
"998",5,2,3,2,4,4,4,1,5,1,1,4,4
"999",2,4,3,5,3,4,3,4,3,2,4,3,3
"1000",2,3,2,4,3,2,5,1,3,4,2,2,2
"1001",2,5,4,4,4,2,4,2,3,5,2,3,2
"1002",3,1,1,2,1,2,2,1,3,3,4,4,3
"1003",5,4,2,4,4,1,3,1,5,5,4,5,3
"1004",3,1,1,1,5,3,4,5,1,2,3,2,4
"1005",5,5,4,5,2,5,5,2,5,5,5,3,5
"1006",1,2,2,2,1,1,2,1,2,1,1,1,1
"1007",2,3,3,4,3,1,2,3,2,3,1,2,1
"1008",5,3,4,3,3,5,1,2,5,2,3,3,5
"1009",3,4,5,2,1,4,3,2,1,1,2,5,5
"1010",1,1,1,1,3,5,3,2,1,1,3,4,4
"1011",1,1,1,1,4,3,2,2,1,2,2,1,2
"1012",3,3,1,3,2,1,2,1,2,2,3,3,1
"1013",5,4,5,5,3,3,1,5,5,4,2,2,2
"1014",2,1,3,1,5,4,4,5,3,5,3,3,5
"1015",4,3,3,4,2,3,3,2,5,4,5,1,2
"1016",3,5,5,5,1,2,2,1,1,2,3,2,2
"1017",2,2,1,1,1,2,1,2,1,1,3,3,2
"1018",2,3,1,5,3,3,3,4,1,4,5,5,4
"1019",5,4,3,4,5,2,3,5,2,2,4,5,3
"1020",1,3,2,3,1,1,3,1,2,1,4,1,1
"1021",1,1,3,3,4,2,4,5,4,2,4,2,2
"1022",1,3,2,2,4,1,5,5,4,5,1,2,3
"1023",1,2,5,3,3,1,5,3,2,1,3,4,2
"1024",4,4,5,4,3,3,1,1,1,3,2,3,3
"1025",2,3,5,4,5,5,5,3,4,3,5,4,4
"1026",4,4,5,5,4,3,2,1,4,4,5,2,1
"1027",4,4,4,4,2,3,3,4,3,4,4,4,5
"1028",2,2,2,3,5,5,3,5,4,2,5,2,2
"1029",5,5,3,4,2,5,5,4,3,4,3,2,2
"1030",3,3,5,5,4,2,5,2,4,4,3,3,4
"1031",5,5,4,4,4,4,3,4,3,3,4,2,3
"1032",4,4,4,4,4,5,5,5,5,5,5,5,5
"1033",4,4,4,5,4,5,2,5,4,5,5,4,3
"1034",3,5,5,5,5,3,5,3,5,4,3,2,4
"1035",4,2,3,2,5,4,2,5,2,2,3,2,3
"1036",5,5,5,4,4,5,5,4,5,5,5,5,5
"1037",5,3,5,5,3,4,2,2,4,3,3,4,4
"1038",1,2,3,3,2,1,1,4,2,1,4,1,1
"1039",5,5,5,2,4,3,3,1,2,1,2,1,1
"1040",2,3,4,2,1,1,1,1,2,3,1,2,1
"1041",3,3,5,5,1,4,4,5,2,3,2,4,2
"1042",3,4,3,5,4,5,2,2,4,2,5,5,3
"1043",4,5,4,5,3,3,4,2,4,2,3,3,2
"1044",4,4,4,4,3,4,3,5,3,4,5,5,5
"1045",3,3,2,3,5,2,1,1,3,5,3,1,4
"1046",5,4,4,4,3,2,5,2,4,3,4,3,3
"1047",1,2,1,2,1,1,3,2,1,1,1,4,1
"1048",3,4,4,4,4,5,5,5,5,4,4,4,3
"1049",3,4,4,5,5,5,4,5,4,3,5,5,5
"1050",2,4,1,2,1,3,1,3,1,2,3,4,2
"1051",1,2,1,2,2,3,1,1,2,3,5,5,3
"1052",4,3,4,5,4,5,3,5,4,4,3,2,5
"1053",2,1,1,1,1,4,5,4,1,3,4,4,4
"1054",2,2,2,1,4,1,3,3,2,1,2,3,2
"1055",3,3,4,4,3,3,2,1,3,4,2,4,1
"1056",5,5,4,5,4,3,3,5,5,5,5,5,5
"1057",3,5,5,5,4,2,1,5,4,3,4,2,2
"1058",5,4,5,2,1,3,5,4,4,3,4,4,4
"1059",2,4,3,5,2,1,3,1,2,2,3,4,2
"1060",4,4,3,3,4,3,5,2,3,4,3,2,3
"1061",4,3,4,3,3,5,2,5,5,3,2,3,2
"1062",4,3,5,5,3,4,4,3,3,3,4,1,3
"1063",4,3,5,5,1,4,1,1,3,4,1,1,4
"1064",3,4,4,5,4,5,5,5,5,5,5,5,5
"1065",5,2,4,4,5,5,2,5,4,5,1,4,3
"1066",3,3,4,3,1,1,4,1,1,3,2,1,1
"1067",2,4,2,1,3,2,3,1,5,3,1,1,3
"1068",5,3,2,3,3,5,1,4,4,5,3,4,4
"1069",3,2,3,1,4,2,3,3,1,2,1,3,1
"1070",3,1,1,2,5,4,3,3,2,1,4,3,4
"1071",4,4,2,2,4,1,3,1,2,3,2,1,1
"1072",4,4,5,4,5,5,3,5,5,3,4,1,4
"1073",2,5,3,4,1,1,1,2,3,3,4,4,2
"1074",1,1,2,1,1,2,4,4,1,3,2,2,3
"1075",2,2,3,3,2,1,1,1,2,2,1,1,3
"1076",5,5,5,4,2,5,4,5,5,1,5,2,5
"1077",3,4,4,3,2,3,4,5,3,4,3,2,5
"1078",1,3,3,1,2,1,1,1,2,1,1,2,1
"1079",2,3,2,1,1,1,2,1,1,1,2,3,1
"1080",2,2,4,2,2,3,2,4,4,2,1,1,3
"1081",2,4,4,4,1,1,2,1,4,4,1,1,2
"1082",4,5,5,5,1,5,3,5,4,4,4,4,5
"1083",5,5,5,5,2,4,2,3,5,5,3,5,3
"1084",2,4,3,2,4,3,5,4,1,4,1,5,1
"1085",3,2,1,1,2,3,3,3,2,3,4,1,2
"1086",3,4,1,5,5,3,4,4,2,3,3,5,4
"1087",2,3,5,4,3,2,5,5,3,3,5,5,5
"1088",3,3,2,3,2,5,3,2,3,2,4,4,4
"1089",1,4,2,2,2,1,1,4,2,2,3,2,2
"1090",5,4,2,2,3,5,2,4,4,4,3,4,2
"1091",5,5,5,5,5,3,1,4,5,5,5,1,5
"1092",4,2,3,3,3,4,4,3,4,5,5,4,1
"1093",1,1,1,1,2,1,3,1,1,1,3,1,1
"1094",5,5,5,5,4,5,5,3,5,2,3,3,2
"1095",2,3,3,4,5,4,4,4,5,5,2,3,2
"1096",5,2,1,2,2,4,4,3,3,2,5,4,3
"1097",3,1,4,5,1,1,1,4,4,4,1,1,2
"1098",2,4,3,2,2,1,3,1,1,2,1,3,1
"1099",1,1,1,1,3,1,1,3,1,3,2,5,3
"1100",2,3,2,3,2,4,2,5,3,2,4,3,1
"1101",1,3,4,5,1,1,1,1,2,2,2,4,2
"1102",3,1,3,4,1,2,2,1,4,2,4,2,4
"1103",3,2,5,3,5,4,5,5,3,3,4,2,3
"1104",4,3,3,4,4,5,5,4,3,3,5,4,5
"1105",2,4,2,2,4,1,3,4,3,3,3,4,2
"1106",1,2,2,2,1,1,4,2,1,1,1,1,2
"1107",4,2,2,1,1,1,2,4,2,1,1,1,1
"1108",1,1,1,1,5,5,1,5,3,4,3,5,5
"1109",3,4,3,3,4,5,4,3,4,5,5,5,5
"1110",3,2,2,2,4,5,2,3,4,3,2,3,2
"1111",2,4,2,3,4,4,5,1,3,3,4,1,1
"1112",3,5,1,5,3,4,2,4,4,5,4,3,1
"1113",1,2,1,2,4,4,3,5,1,1,4,3,3
"1114",2,2,3,4,3,4,1,3,3,3,4,1,2
"1115",5,2,5,4,3,4,2,2,5,2,4,4,4
"1116",1,1,1,2,2,1,4,4,1,2,3,4,2
"1117",3,4,4,5,1,3,4,2,4,3,5,4,4
"1118",3,2,3,5,1,3,1,3,3,2,2,4,2
"1119",4,4,5,5,1,4,1,1,1,1,3,3,1
"1120",4,4,4,4,4,5,1,4,5,5,4,5,4
"1121",1,1,2,3,5,2,5,3,2,2,2,4,3
"1122",3,5,4,4,3,4,3,3,4,3,4,1,1
"1123",1,2,1,1,3,5,2,5,2,1,5,5,4
"1124",2,1,2,1,1,1,3,1,2,1,1,3,1
"1125",2,1,1,1,1,1,3,2,1,2,1,2,3
"1126",5,5,4,4,3,4,3,3,3,4,2,3,5
"1127",3,4,4,3,4,2,2,1,1,3,3,2,2
"1128",3,5,5,4,4,3,3,5,2,2,5,1,2
"1129",3,3,4,1,1,1,5,2,5,3,3,5,5
"1130",2,3,3,1,2,1,2,2,2,2,2,1,1
"1131",3,4,4,3,3,4,5,3,1,3,4,2,2
"1132",4,2,5,1,5,4,3,3,2,2,5,3,5
"1133",3,5,5,3,3,3,4,5,3,5,3,3,3
"1134",2,4,2,1,4,2,5,5,1,1,4,4,2
"1135",1,4,4,5,2,4,3,4,5,4,3,2,5
"1136",4,3,3,3,2,3,2,1,5,4,3,3,4
"1137",1,1,1,1,1,1,4,1,1,1,4,1,1
"1138",5,4,4,5,4,5,3,1,5,5,4,5,5
"1139",1,1,2,3,4,3,1,2,2,3,2,1,2
"1140",4,3,4,4,4,4,5,4,4,4,4,4,5
"1141",4,4,1,4,2,5,2,5,4,4,5,5,4
"1142",5,4,5,5,3,4,5,5,5,5,5,5,5
"1143",1,2,3,3,2,5,4,2,1,1,3,4,3
"1144",5,4,5,5,3,4,3,4,4,4,5,5,5
"1145",5,5,2,3,5,4,5,2,5,5,4,3,4
"1146",2,2,3,2,2,3,1,3,4,4,3,2,2
"1147",5,5,5,5,5,4,1,4,5,5,2,5,5
"1148",2,2,2,2,4,2,2,2,4,1,4,4,5
"1149",4,1,1,4,2,5,5,2,2,1,3,3,4
"1150",3,1,2,1,4,4,4,5,2,2,5,5,2
"1151",5,1,2,2,2,1,2,1,4,2,1,1,1
"1152",3,1,4,3,5,1,3,2,3,5,4,5,2
"1153",1,1,2,3,1,1,1,1,1,1,1,3,1
"1154",5,5,5,5,1,3,5,5,4,3,3,4,4
"1155",5,2,1,2,4,2,5,3,5,4,4,4,5
"1156",3,1,1,1,2,4,1,3,2,1,4,3,2
"1157",2,5,4,5,4,4,1,5,4,4,5,4,3
"1158",3,3,4,5,5,5,2,4,2,1,1,2,5
"1159",5,5,4,5,2,4,5,3,5,5,5,2,5
"1160",3,1,1,1,2,2,3,1,3,2,1,3,1
"1161",2,4,2,4,4,3,2,3,4,4,4,5,4
"1162",2,3,2,3,3,1,3,5,2,1,4,1,1
"1163",2,2,1,1,1,2,1,1,2,1,2,3,1
"1164",5,1,1,1,2,4,4,5,3,2,2,4,3
"1165",3,5,5,5,2,5,4,3,5,5,4,5,5
"1166",5,5,5,5,2,1,3,2,5,5,3,2,1
"1167",1,1,1,1,2,1,2,1,1,1,2,5,1
"1168",1,2,2,1,1,1,1,1,1,1,2,1,1
"1169",4,1,2,3,3,2,4,4,1,1,4,1,3
"1170",2,1,2,1,2,1,1,1,2,1,1,1,2
"1171",3,3,3,2,2,5,2,1,3,3,5,2,2
"1172",3,4,4,2,3,5,4,3,4,1,2,5,4
"1173",1,5,4,4,4,1,2,4,3,4,2,3,1
"1174",5,3,4,4,4,4,1,3,3,3,2,3,2
"1175",5,3,5,1,2,5,3,5,2,3,4,1,3
"1176",3,5,3,4,4,1,5,4,4,4,2,3,2
"1177",2,4,2,3,1,1,2,2,3,2,1,1,1
"1178",3,5,3,2,2,2,3,3,5,3,3,3,4
"1179",5,5,5,5,1,3,2,1,5,4,5,4,4
"1180",2,5,5,5,4,2,4,4,3,4,5,4,3
"1181",3,2,1,3,2,1,1,4,1,2,1,3,1
"1182",1,4,3,2,1,2,2,1,1,1,1,5,2
"1183",1,1,1,1,5,3,4,5,2,5,1,5,5
"1184",5,4,5,4,5,3,2,2,5,5,4,3,5
"1185",3,5,3,3,1,3,1,3,1,2,2,3,1
"1186",1,1,1,1,2,1,1,1,1,1,1,1,1
"1187",4,4,4,2,1,1,4,1,3,1,1,1,1
"1188",3,5,3,4,3,4,5,3,4,2,5,1,3
"1189",5,4,5,5,1,1,1,2,3,1,1,1,1
"1190",2,5,4,4,2,2,4,1,2,2,2,1,1
"1191",5,4,5,5,4,2,3,5,5,5,3,2,5
"1192",4,3,3,4,5,5,5,5,3,5,1,5,2
"1193",2,3,3,4,4,2,1,2,2,4,2,2,2
"1194",4,5,5,5,3,3,4,1,5,5,5,5,5
"1195",1,3,5,4,3,5,3,5,3,4,4,4,3
"1196",3,5,5,5,4,3,2,5,4,5,5,4,3
"1197",4,5,5,5,4,2,5,4,5,4,2,5,5
"1198",3,3,3,2,1,1,2,1,2,1,1,1,1
"1199",2,2,4,2,5,4,2,5,4,5,4,5,4
"1200",5,5,5,5,5,4,4,5,5,5,3,4,3
"1201",4,4,4,2,4,3,4,4,3,3,5,3,4
"1202",1,1,2,1,4,3,5,3,1,1,1,2,4
"1203",2,4,1,1,5,5,4,5,1,4,4,5,3
"1204",3,3,5,3,4,4,5,4,4,4,2,5,5
"1205",5,3,5,2,5,4,5,4,2,5,3,3,4
"1206",5,5,4,5,5,4,5,4,3,2,4,4,2
"1207",1,1,4,1,5,3,2,1,1,1,3,1,1
"1208",1,1,3,2,5,3,3,2,2,2,2,4,1
"1209",3,3,3,2,1,3,3,5,4,5,4,4,5
"1210",5,5,5,5,2,4,5,5,5,5,5,5,5
"1211",2,1,1,1,1,1,3,2,1,1,2,2,1
"1212",2,1,4,1,3,3,2,1,2,3,3,4,3
"1213",1,3,2,1,3,5,3,4,2,5,2,5,3
"1214",5,4,5,4,4,5,3,1,5,5,3,5,5
"1215",4,4,3,3,3,2,4,1,5,1,4,1,1
"1216",3,5,4,5,4,4,3,5,2,4,5,4,4
"1217",3,1,1,1,1,1,2,1,2,1,2,1,1
"1218",2,2,2,4,2,4,3,3,3,1,2,4,4
"1219",2,2,4,4,3,5,5,3,3,1,2,4,3
"1220",3,2,2,2,5,5,4,3,3,5,3,5,5
"1221",3,2,2,4,5,5,3,5,4,5,3,5,5
"1222",2,3,3,3,1,1,1,2,1,1,5,1,1
"1223",2,2,2,1,3,2,2,4,1,2,5,2,1
"1224",5,4,2,2,5,5,1,4,2,3,1,5,2
"1225",3,1,2,2,2,4,1,3,4,4,3,3,4
"1226",1,3,2,2,4,1,1,1,2,1,2,2,4
"1227",3,3,1,3,3,3,3,5,4,5,5,3,5
"1228",4,4,2,4,2,1,2,1,1,2,4,4,2
"1229",3,5,5,5,3,5,5,3,4,5,4,3,5
"1230",2,1,1,1,2,2,2,5,1,3,2,2,1
"1231",4,3,1,2,2,3,3,5,4,4,4,2,4
"1232",1,1,2,3,4,3,1,3,2,3,2,1,2
"1233",1,2,2,5,4,5,5,4,3,4,5,4,5
"1234",5,4,5,5,5,4,1,4,4,4,2,4,4
"1235",3,4,5,5,3,3,4,4,3,3,5,1,4
"1236",5,5,5,5,1,5,4,5,5,5,4,5,5
"1237",4,1,4,3,4,4,3,5,2,4,2,3,3
"1238",4,2,2,3,1,1,3,2,2,2,2,1,2
"1239",3,3,5,3,1,3,3,2,4,3,2,3,1
"1240",1,1,1,1,2,2,3,2,1,1,1,1,1
"1241",2,4,5,3,2,4,1,3,4,5,2,5,3
"1242",1,4,3,3,4,1,4,3,2,1,3,5,3
"1243",4,2,2,3,4,2,1,4,3,3,1,5,1
"1244",1,1,1,1,1,1,2,1,1,1,1,2,1
"1245",4,1,4,5,2,4,1,1,2,2,1,3,3
"1246",4,3,2,3,1,1,4,4,3,3,4,2,1
"1247",2,1,3,4,5,4,3,5,3,3,4,5,4
"1248",2,2,2,1,1,3,1,1,4,2,3,5,5
"1249",2,4,3,4,3,3,4,5,4,3,4,1,4
"1250",1,4,3,3,2,3,5,1,2,5,5,3,4
"1251",5,5,5,5,2,4,1,1,5,5,2,2,1
"1252",2,3,5,4,2,3,2,4,3,2,4,2,5
"1253",1,3,1,2,1,1,3,2,1,1,1,1,1
"1254",5,3,4,4,1,1,1,1,2,3,4,5,2
"1255",3,3,1,2,5,5,3,4,3,4,1,2,4
"1256",1,3,1,1,2,1,4,2,3,2,2,1,1
"1257",5,5,5,4,5,4,4,4,5,3,5,5,5
"1258",3,4,1,2,2,4,5,4,2,5,4,4,5
"1259",5,5,5,5,5,4,4,5,5,5,5,5,5
"1260",5,5,3,5,4,4,3,5,5,5,1,3,5
"1261",3,5,2,2,2,1,2,2,1,1,1,1,2
"1262",3,2,2,1,3,5,5,2,1,1,3,2,2
"1263",2,1,2,1,1,4,3,2,1,2,2,4,2
"1264",4,2,5,5,1,4,3,2,4,2,1,3,2
"1265",5,4,4,4,2,5,5,1,5,5,5,3,5
"1266",4,4,5,4,1,3,2,1,1,1,1,1,2
"1267",2,1,3,1,5,5,5,5,3,5,5,5,5
"1268",1,1,2,1,2,2,4,5,3,2,1,3,3
"1269",3,1,1,4,5,5,2,4,3,5,5,4,5
"1270",3,4,3,2,3,3,2,2,1,1,2,4,4
"1271",2,5,4,1,2,4,4,4,2,3,1,2,3
"1272",4,4,3,4,2,5,4,1,5,4,3,3,5
"1273",5,2,3,3,5,3,5,5,1,3,2,2,3
"1274",1,1,1,1,5,4,5,5,2,2,4,4,3
"1275",4,4,5,5,5,3,4,5,4,3,2,3,3
"1276",1,1,1,2,3,4,4,3,1,2,4,1,4
"1277",2,1,1,3,3,2,4,1,3,2,4,1,1
"1278",4,2,1,2,5,2,4,1,2,3,2,1,1
"1279",1,2,2,2,4,3,1,2,1,2,5,2,2
"1280",5,4,4,3,3,2,2,1,2,3,3,1,4
"1281",5,3,5,4,1,2,2,3,4,2,3,2,3
"1282",4,3,4,5,2,2,4,2,3,4,4,3,5
"1283",4,4,1,4,1,2,2,1,2,1,2,1,1
"1284",4,4,2,5,5,5,3,5,4,5,4,5,5
"1285",3,5,3,3,1,5,5,5,2,3,5,4,3
"1286",5,5,4,4,2,4,3,3,4,2,4,4,5
"1287",3,3,4,4,3,1,2,2,2,1,1,1,1
"1288",2,2,1,3,2,5,4,2,3,5,1,3,4
"1289",4,5,5,5,5,5,4,4,5,5,3,3,5
"1290",2,4,4,4,4,4,3,3,5,4,5,2,4
"1291",3,4,5,5,5,3,4,2,5,5,5,4,4
"1292",5,5,5,3,4,4,2,2,5,5,5,5,4
"1293",2,1,4,1,2,1,2,1,2,1,2,2,1
"1294",1,3,4,4,5,5,4,3,4,5,5,2,3
"1295",5,3,3,3,4,5,4,5,5,3,5,5,5
"1296",5,4,5,4,1,3,2,5,5,3,4,5,2
"1297",4,4,2,5,2,5,4,4,5,5,5,5,5
"1298",3,2,3,4,4,4,5,4,5,1,2,5,5
"1299",2,1,1,1,4,3,5,5,2,1,5,5,3
"1300",1,3,1,1,2,3,3,1,2,3,2,5,2
"1301",2,2,3,2,1,5,5,3,3,2,5,4,4
"1302",3,1,2,1,1,1,2,3,1,1,3,2,1
"1303",4,1,1,1,2,4,1,3,4,2,1,1,4
"1304",2,3,2,3,3,1,3,1,3,1,3,1,1
"1305",4,4,3,4,5,4,3,4,4,4,2,5,4
"1306",1,3,4,3,2,4,2,4,2,3,1,2,5
"1307",4,5,2,2,5,3,2,1,5,1,1,4,4
"1308",2,1,3,1,4,2,3,4,1,2,1,3,3
"1309",4,4,5,3,3,5,5,2,4,4,4,3,4
"1310",1,2,1,1,3,2,1,1,1,1,4,4,1
"1311",3,3,4,4,2,2,1,2,2,3,2,3,2
"1312",5,5,5,5,3,1,4,4,5,3,5,5,2
"1313",4,3,5,4,1,3,2,1,4,2,5,4,4
"1314",1,1,2,2,3,2,2,2,1,4,4,2,2
"1315",4,1,4,4,1,1,3,3,3,2,4,5,3
"1316",5,5,4,5,2,4,2,3,4,5,5,3,1
"1317",5,5,3,4,4,3,2,4,5,5,5,1,4
"1318",1,1,1,1,3,2,2,2,4,4,2,5,4
"1319",5,5,5,5,3,5,5,3,5,5,5,5,5
"1320",2,1,1,1,4,2,5,2,1,2,2,2,1
"1321",4,2,1,2,5,5,3,3,1,3,2,3,2
"1322",4,2,3,3,4,2,3,1,3,3,1,3,2
"1323",5,5,5,5,5,5,4,5,5,5,1,5,4
"1324",5,1,2,2,3,2,4,4,2,3,3,3,3
"1325",1,3,1,2,1,1,1,1,1,2,1,1,1
"1326",5,4,3,4,4,2,3,2,3,3,5,3,2
"1327",4,3,4,5,4,2,1,2,5,5,3,5,4
"1328",1,1,1,1,1,2,4,2,1,1,1,1,1
"1329",3,3,5,2,1,1,1,1,3,2,1,1,1
"1330",4,4,4,5,5,2,3,2,1,3,2,2,5
"1331",5,4,5,4,3,2,3,5,5,4,5,2,3
"1332",3,4,5,5,5,4,2,5,2,2,3,4,3
"1333",3,4,4,4,2,3,2,4,4,3,4,1,4
"1334",1,1,3,3,3,2,3,1,2,5,3,5,5
"1335",1,1,3,3,4,2,4,2,3,5,2,2,3
"1336",4,3,4,1,5,5,2,5,4,2,2,4,2
"1337",2,1,2,2,4,2,4,1,2,1,1,2,3
"1338",3,1,1,2,4,5,5,5,2,1,2,1,2
"1339",3,3,4,4,3,1,1,1,3,2,2,1,3
"1340",1,3,2,4,5,5,4,5,4,4,3,5,5
"1341",1,2,1,4,4,2,5,3,1,2,1,2,4
"1342",1,2,2,3,2,1,4,1,2,2,1,2,1
"1343",5,5,3,4,5,5,5,3,5,5,5,5,5
"1344",1,2,3,1,2,2,2,5,3,5,3,3,4
"1345",3,2,2,4,2,4,4,5,5,4,3,2,3
"1346",3,2,4,1,3,1,1,4,2,1,4,4,2
"1347",2,3,3,3,2,2,5,5,2,4,4,3,5
"1348",2,1,2,1,5,1,3,1,1,2,3,3,3
"1349",3,3,2,2,5,5,4,3,5,3,3,2,4
"1350",4,3,3,3,5,5,5,2,4,3,5,5,4
"1351",3,2,2,2,3,2,4,2,3,2,2,3,1
"1352",4,4,5,5,1,1,1,5,2,4,2,4,4
"1353",1,5,5,4,2,3,3,5,2,2,2,5,3
"1354",5,5,5,4,3,2,1,5,2,1,3,1,1
"1355",3,4,5,3,5,1,4,4,3,5,5,4,2
"1356",3,5,5,5,5,3,2,5,2,5,5,5,5
"1357",2,5,5,2,1,3,3,2,1,5,1,3,2
"1358",3,4,4,5,3,4,4,2,4,4,4,3,5
"1359",1,1,1,1,2,3,1,3,1,2,1,4,5
"1360",4,2,3,1,5,4,5,4,5,3,5,3,3
"1361",2,4,4,2,4,4,4,4,2,4,5,5,5
"1362",3,2,1,2,2,2,3,1,1,1,2,1,1
"1363",4,3,3,3,4,1,1,2,1,3,5,2,1
"1364",1,3,5,3,1,3,2,4,3,1,1,3,5
"1365",4,1,1,1,1,4,2,1,4,2,1,1,1
"1366",3,1,5,3,2,3,5,2,2,5,5,4,2
"1367",5,2,4,2,2,2,5,4,4,3,2,5,5
"1368",4,1,2,5,5,3,2,5,5,5,2,3,4
"1369",5,5,5,5,2,2,2,4,4,3,4,2,4
"1370",2,4,2,2,4,5,4,4,4,4,4,4,3
"1371",5,1,2,3,1,1,1,1,1,2,1,1,1
"1372",1,2,2,2,3,5,4,5,1,4,3,5,5
"1373",2,2,3,2,4,3,5,2,3,2,2,1,4
"1374",4,5,4,3,1,3,3,1,4,4,4,1,3
"1375",3,4,4,5,4,4,5,4,2,2,5,5,5
"1376",4,2,5,1,3,4,2,3,4,4,5,2,5
"1377",5,2,2,3,4,4,5,3,4,3,4,5,3
"1378",3,1,1,1,2,5,1,5,1,5,2,1,1
"1379",1,2,1,3,2,4,2,4,2,2,1,4,3
"1380",5,5,5,4,1,4,1,2,5,4,1,2,3
"1381",4,4,4,5,5,4,3,4,4,5,2,5,2
"1382",5,4,5,5,2,5,3,4,5,5,5,4,5
"1383",1,5,5,4,4,2,1,2,4,3,3,3,2
"1384",2,5,3,5,4,5,3,1,3,5,5,5,4
"1385",2,2,2,2,2,4,3,5,4,4,3,2,5
"1386",3,1,1,3,5,5,5,4,4,4,4,2,3
"1387",5,4,4,2,3,3,1,3,3,2,3,1,2
"1388",1,1,1,1,3,2,3,1,1,3,1,4,1
"1389",5,4,5,5,1,5,4,2,5,1,5,1,2
"1390",2,3,4,4,3,3,3,5,1,2,3,2,5
"1391",2,5,3,2,5,2,4,2,4,2,3,4,2
"1392",5,5,4,4,5,5,5,4,2,4,5,3,5
"1393",4,2,3,3,5,2,2,5,3,2,1,1,3
"1394",1,1,1,1,2,4,1,2,1,3,1,3,3
"1395",5,3,4,3,3,3,5,3,3,5,4,1,3
"1396",4,3,1,2,3,2,2,4,4,5,1,2,2
"1397",4,1,1,2,4,4,4,5,5,5,1,3,4
"1398",2,2,2,1,3,1,3,4,3,3,1,4,1
"1399",4,3,4,5,5,4,2,2,2,2,4,5,4
"1400",1,3,3,3,2,5,2,2,5,4,1,4,2
"1401",4,2,2,1,5,4,4,1,3,3,4,1,4
"1402",2,2,2,1,2,1,3,3,3,2,1,1,1
"1403",5,3,4,3,5,2,4,1,3,2,5,3,1
"1404",1,4,3,5,1,2,5,1,2,1,1,1,1
"1405",2,2,3,1,1,1,1,3,1,1,2,1,1
"1406",5,5,4,5,4,5,4,4,5,4,4,3,4
"1407",5,5,5,5,3,3,1,1,4,1,1,1,2
"1408",2,3,3,4,3,5,4,2,3,5,5,5,3
"1409",2,1,3,1,2,4,1,3,2,2,3,1,3
"1410",5,2,3,3,5,2,2,5,4,2,5,2,3
"1411",5,5,5,4,3,3,1,5,5,5,3,5,4
"1412",1,1,3,3,4,5,5,3,2,4,5,5,5
"1413",4,3,5,4,1,2,1,2,5,3,2,3,4
"1414",5,4,5,5,3,4,3,1,5,4,5,2,4
"1415",4,5,4,5,2,2,1,2,5,3,3,2,4
"1416",4,5,3,3,3,2,2,3,4,2,3,3,1
"1417",3,4,4,3,3,5,4,1,3,2,3,2,3
"1418",3,3,2,3,4,1,5,5,3,3,3,4,2
"1419",4,4,5,4,3,3,3,3,4,5,4,5,4
"1420",2,1,1,1,2,1,4,1,2,1,1,2,1
"1421",2,1,2,4,3,2,4,5,3,2,3,3,4
"1422",1,2,2,4,4,3,2,4,3,4,2,2,2
"1423",2,2,2,3,2,3,3,5,2,2,4,1,3
"1424",2,3,3,2,3,1,2,3,2,3,1,1,1
"1425",1,1,1,1,1,2,2,1,1,1,2,1,2
"1426",3,3,4,3,5,2,3,3,2,2,4,3,2
"1427",4,5,3,5,1,1,5,2,5,3,3,3,2
"1428",1,3,4,3,3,5,5,3,2,2,3,3,4
"1429",3,2,4,4,1,1,2,4,1,1,1,1,1
"1430",3,4,5,3,4,3,5,4,3,4,5,4,3
"1431",4,4,3,1,3,5,2,4,1,2,5,3,3
"1432",5,4,5,5,3,1,5,1,4,4,3,2,4
"1433",2,1,1,1,1,1,1,1,1,1,1,1,1
"1434",1,3,3,3,4,5,3,3,5,5,1,3,5
"1435",5,1,2,2,4,5,2,3,3,3,4,4,4
"1436",2,1,1,1,2,2,1,4,3,1,3,4,2
"1437",5,2,3,3,2,1,2,3,3,2,1,3,1
"1438",3,1,2,4,2,1,3,1,4,5,1,4,4
"1439",5,3,4,1,3,1,1,1,2,3,2,3,2
"1440",1,3,2,4,3,1,1,2,3,3,2,2,1
"1441",1,1,1,2,3,1,3,1,2,1,2,3,1
"1442",5,3,1,3,5,1,5,3,5,4,5,5,3
"1443",1,1,2,1,1,1,1,1,1,1,1,1,1
"1444",1,3,2,2,2,1,5,3,5,1,3,1,3
"1445",1,3,2,1,1,2,1,3,2,2,2,2,2
"1446",3,5,4,5,1,2,2,2,3,4,3,4,5
"1447",3,3,4,3,4,3,2,1,4,5,4,4,5
"1448",2,2,3,4,5,4,1,5,4,3,3,3,3
"1449",1,4,4,3,1,4,1,3,1,2,1,1,1
"1450",2,3,4,3,2,2,2,4,1,2,3,1,1
"1451",2,5,4,5,4,5,5,1,5,5,5,5,5
"1452",1,1,3,2,3,2,1,2,5,2,4,1,2
"1453",1,2,4,2,5,3,5,5,3,2,2,4,5
"1454",2,3,4,1,2,2,5,4,4,2,2,4,2
"1455",3,1,3,1,4,2,3,1,3,2,2,1,3
"1456",2,1,2,2,1,1,3,1,3,1,2,1,1
"1457",3,3,5,5,4,4,4,5,4,5,1,5,4
"1458",5,5,2,3,5,2,4,2,5,4,5,5,5
"1459",3,5,5,5,2,4,2,3,5,5,4,5,3
"1460",1,1,1,1,2,2,2,1,1,1,2,3,1
"1461",5,5,5,2,2,3,2,3,5,3,1,2,2
"1462",2,3,4,3,3,2,3,4,2,2,1,3,3
"1463",4,3,3,4,2,4,4,4,4,4,3,5,3
"1464",1,3,1,2,2,2,1,1,3,3,2,2,4
"1465",3,4,5,5,2,2,4,2,2,2,1,5,3
"1466",5,5,5,1,4,2,3,4,2,4,5,2,4
"1467",2,4,5,5,2,5,5,4,4,4,5,2,5
"1468",5,3,2,3,2,2,2,4,4,4,2,2,2
"1469",4,3,4,3,4,3,2,2,2,1,2,3,4
"1470",4,2,5,2,2,3,3,2,4,4,5,3,4
"1471",4,5,4,4,3,2,5,1,5,3,3,3,3
"1472",2,3,3,2,1,1,1,1,2,1,1,1,2
"1473",5,3,3,3,4,4,3,2,3,4,3,5,5
"1474",4,3,5,5,3,4,2,1,5,5,3,3,4
"1475",2,2,4,3,5,3,5,5,2,4,5,4,5
"1476",2,1,2,1,4,5,4,5,2,5,4,5,5
"1477",5,4,5,5,5,5,3,5,5,5,4,3,5
"1478",5,1,3,2,3,3,1,2,2,1,5,1,4
"1479",2,3,5,5,2,1,5,5,1,2,4,4,1
"1480",1,3,4,2,2,2,4,5,2,4,3,5,4
"1481",4,3,1,3,4,4,2,2,1,1,4,4,2
"1482",5,5,5,5,2,4,5,4,5,5,5,5,5
"1483",2,2,1,2,4,4,3,4,2,4,4,5,3
"1484",5,1,1,1,2,1,2,1,3,2,4,1,2
"1485",5,4,3,4,2,4,4,3,5,5,5,4,3
"1486",1,1,2,4,1,5,3,4,2,4,2,5,5
"1487",4,5,4,4,5,4,4,4,4,3,5,5,3
"1488",5,5,5,1,1,1,4,1,3,3,1,1,1
"1489",1,3,1,3,5,2,4,4,1,1,4,4,1
"1490",4,3,2,3,4,5,4,4,5,4,5,4,5
"1491",4,5,4,4,4,5,5,4,4,4,3,4,5
"1492",2,3,5,2,1,1,2,3,1,2,4,3,2
"1493",2,3,4,3,4,4,3,5,3,3,5,1,3
"1494",2,1,1,1,3,3,3,3,2,2,5,5,4
"1495",3,2,4,3,3,3,5,5,4,3,5,5,5
"1496",5,4,5,3,3,4,5,2,4,4,3,2,2
"1497",3,5,3,4,2,2,2,3,4,4,3,2,2
"1498",3,1,1,1,2,4,1,3,1,1,2,1,3
"1499",5,5,5,5,4,5,4,3,5,5,5,4,5
"1500",2,5,3,2,5,3,5,1,4,4,4,3,1
"1501",5,4,3,5,3,5,3,3,5,3,5,3,3
"1502",4,4,4,5,4,4,2,1,4,1,4,3,3
"1503",1,1,1,2,1,1,1,1,1,2,1,2,1
"1504",5,5,5,5,4,3,4,4,5,5,5,5,3
"1505",2,4,4,4,1,1,5,2,2,1,4,3,1
"1506",2,4,3,2,4,4,5,3,3,3,2,4,3
"1507",1,1,3,1,3,4,5,5,3,3,4,5,4
"1508",5,5,5,4,5,5,1,3,4,3,3,4,2
"1509",2,2,2,3,3,1,1,1,3,2,1,1,1
"1510",2,3,3,4,4,4,1,4,4,5,5,5,4
"1511",1,2,1,2,1,4,1,2,2,2,1,3,2
"1512",5,5,5,5,4,5,3,5,5,5,2,3,5
"1513",3,2,3,2,5,5,4,2,2,2,2,3,4
"1514",3,4,3,5,2,3,4,2,3,4,1,3,5
"1515",3,2,1,1,5,2,2,3,1,1,3,2,3
"1516",2,4,4,3,1,5,2,1,3,4,1,4,5
"1517",2,3,4,5,1,1,1,1,5,4,1,1,4
"1518",2,3,2,4,5,4,4,5,5,4,4,5,5
"1519",2,3,3,1,1,1,2,1,1,1,1,1,1
"1520",3,1,1,1,3,4,4,4,2,3,5,4,4
"1521",2,4,5,4,3,1,2,3,4,4,1,5,3
"1522",1,1,3,1,2,1,4,4,2,2,2,3,1
"1523",4,1,1,2,5,3,4,2,3,3,3,1,4
"1524",1,4,3,5,2,4,1,1,3,4,2,2,1
"1525",4,3,5,1,3,5,3,5,2,5,4,5,5
"1526",4,1,5,4,5,4,5,3,5,4,2,3,3
"1527",2,4,3,3,1,2,2,3,1,1,1,2,1
"1528",2,3,2,1,5,5,4,4,3,4,3,1,4
"1529",1,1,1,1,3,2,1,3,1,2,1,3,3
"1530",5,5,5,4,4,3,3,4,4,5,5,3,3
"1531",4,1,1,1,4,2,4,1,2,5,4,3,3
"1532",2,2,3,4,2,2,2,1,4,3,2,4,4
"1533",4,4,1,2,4,3,3,5,5,5,5,3,4
"1534",5,2,2,2,1,3,2,3,4,4,2,5,3
"1535",1,4,5,2,3,1,4,5,1,2,3,2,1
"1536",4,3,5,5,3,1,5,3,5,5,4,5,5
"1537",1,1,1,1,5,4,5,5,1,2,5,3,5
"1538",1,1,2,1,2,5,5,5,1,2,4,3,5
"1539",1,1,1,1,1,1,3,3,1,1,3,2,1
"1540",3,4,4,2,3,4,1,2,4,3,2,5,5
"1541",2,2,2,2,4,5,5,5,3,3,4,5,4
"1542",5,3,2,1,5,4,2,3,2,3,2,4,3
"1543",5,3,4,4,1,5,4,2,5,5,5,4,5
"1544",4,4,2,4,5,5,4,5,5,5,4,4,5
"1545",4,5,5,4,3,3,5,4,5,5,2,3,5
"1546",2,4,3,2,5,2,5,2,4,4,2,4,3
"1547",1,1,1,1,1,1,1,1,1,1,1,1,1
"1548",3,2,5,3,1,2,5,4,3,2,1,1,3
"1549",3,3,3,2,3,2,3,2,1,1,2,3,2
"1550",4,5,4,5,5,5,1,5,3,4,1,2,4
"1551",3,4,4,5,4,2,2,1,2,5,2,4,1
"1552",2,1,2,1,3,2,4,1,2,5,2,5,4
"1553",4,5,5,3,1,1,2,3,3,3,5,3,2
"1554",2,4,2,3,4,3,1,5,3,4,4,4,2
"1555",5,3,4,4,3,2,2,3,3,5,2,2,5
"1556",5,4,4,2,2,1,3,3,4,4,4,4,3
"1557",4,2,3,2,4,5,5,5,5,3,5,5,5
"1558",1,1,1,1,5,3,5,2,3,4,4,5,4
"1559",5,5,5,5,3,5,1,4,2,5,5,1,4
"1560",2,1,4,3,3,2,1,3,3,1,3,1,2
"1561",2,1,1,1,5,1,2,1,3,1,2,2,2
"1562",1,4,5,3,5,4,5,2,5,5,2,5,5
"1563",4,5,4,4,2,3,4,2,3,4,2,1,2
"1564",4,4,5,2,3,4,3,5,4,5,4,5,3
"1565",1,1,1,1,2,3,2,3,1,1,4,1,2
"1566",5,3,4,2,2,5,3,4,3,4,1,2,2
"1567",5,2,4,2,1,2,3,5,4,5,5,2,3
"1568",1,1,2,2,1,4,4,2,1,1,3,1,1
"1569",3,1,3,3,1,1,3,1,3,2,2,1,1
"1570",4,4,4,5,5,5,4,5,4,4,4,3,5
"1571",2,4,3,2,5,5,5,5,2,1,5,5,5
"1572",1,1,1,1,3,2,1,3,1,1,2,3,2
"1573",2,5,5,4,1,1,3,2,3,4,3,4,1
"1574",1,1,1,3,4,5,4,2,1,2,5,4,2
"1575",4,5,2,2,3,4,4,5,2,3,2,4,3
"1576",4,4,2,3,4,2,2,2,2,4,2,4,3
"1577",3,5,3,4,3,2,4,4,3,5,5,5,5
"1578",5,5,4,5,1,3,3,3,5,2,2,2,4
"1579",4,4,3,4,2,2,3,1,2,4,3,4,2
"1580",3,3,3,3,3,3,5,2,1,5,3,2,4
"1581",1,1,3,2,1,2,2,1,1,2,2,2,1
"1582",5,5,5,5,5,5,3,2,5,5,1,4,5
"1583",1,4,4,5,5,3,4,5,5,5,2,4,4
"1584",1,3,4,2,3,3,5,4,1,3,2,1,2
"1585",4,3,4,4,1,4,5,4,5,5,5,3,2
"1586",4,5,2,4,3,3,3,5,4,5,4,4,4
"1587",1,1,2,3,1,5,1,1,1,3,4,5,4
"1588",1,3,1,1,1,2,4,4,3,1,2,5,2
"1589",1,2,1,1,5,4,4,3,1,1,2,3,2
"1590",3,5,5,5,4,2,2,4,4,2,1,1,1
"1591",5,5,5,5,5,4,5,5,5,5,5,5,5
"1592",1,1,2,1,1,3,2,3,1,2,1,1,1
"1593",5,5,4,5,2,5,5,3,5,5,5,2,5
"1594",4,5,5,5,5,2,5,4,5,5,5,4,2
"1595",3,2,2,2,5,3,3,5,2,3,4,5,3
"1596",2,1,1,2,4,4,4,4,2,1,4,4,4
"1597",3,3,4,4,1,3,4,4,3,4,2,1,1
"1598",3,2,3,3,2,3,2,4,4,3,5,4,4
"1599",5,5,3,4,2,5,1,2,5,3,4,1,4
"1600",5,5,5,5,3,4,4,3,5,5,5,3,4
"1601",4,5,3,3,4,5,3,5,2,2,3,3,4
"1602",4,3,2,3,3,2,1,2,2,1,3,5,2
"1603",1,5,4,5,2,3,4,3,4,5,4,2,3
"1604",4,5,4,4,1,3,5,1,2,1,1,2,2
"1605",4,5,4,4,2,4,3,5,1,1,4,2,3
"1606",3,1,1,1,3,2,1,5,3,5,2,4,5
"1607",5,5,5,5,2,3,1,4,5,5,4,3,5
"1608",3,2,1,4,2,1,2,1,1,4,3,5,3
"1609",5,4,4,4,4,1,5,2,5,4,4,4,5
"1610",3,4,2,1,1,1,2,1,2,1,1,1,1
"1611",4,3,2,3,4,4,4,5,3,4,5,5,5
"1612",3,2,3,3,2,5,3,5,3,5,2,4,5
"1613",5,5,5,4,2,4,3,4,4,4,1,2,4
"1614",5,5,3,4,4,3,2,2,5,3,2,2,1
"1615",3,5,5,5,2,4,5,3,5,3,5,5,3
"1616",2,4,2,1,2,3,1,2,2,3,3,2,3
"1617",3,5,5,5,4,4,5,5,3,4,5,2,4
"1618",1,2,1,1,5,5,4,5,1,2,3,5,5
"1619",3,2,3,4,5,5,4,5,3,5,4,2,5
"1620",4,3,5,4,3,5,5,5,4,3,5,2,4
"1621",2,2,2,1,1,1,1,2,1,1,1,2,1
"1622",3,4,5,5,2,1,2,2,4,5,4,3,4
"1623",5,2,5,3,3,3,1,5,4,4,2,4,3
"1624",1,3,4,1,5,4,1,5,1,2,3,5,2
"1625",4,5,5,5,5,5,5,4,3,4,3,3,3
"1626",3,5,3,4,4,5,4,5,4,4,4,1,2
"1627",1,1,1,1,1,2,5,1,1,1,1,4,1
"1628",4,5,4,5,4,4,4,4,4,4,5,4,4
"1629",1,2,2,1,3,4,1,5,2,2,5,4,4
"1630",5,5,5,5,3,4,3,5,5,5,5,4,5
"1631",3,3,2,2,5,5,4,4,4,4,4,3,5
"1632",1,1,1,3,2,1,1,2,1,1,1,2,3
"1633",3,2,1,3,4,3,5,2,5,4,1,3,4
"1634",5,5,5,5,3,5,5,1,5,5,3,5,5
